,sample_effect,t-test_p,permutation_r,null
0,-0.045653493,0.930250986,0.572,Fisher
1,-0.069300221,0.891289087,0.562,Fisher
2,0.723829829,0.212201573,0.104,Fisher
3,1.087796243,0.091676162,0.024,Fisher
4,0.514492365,0.39461959,0.2,Fisher
5,-0.403294353,0.453281824,0.804,Fisher
6,-0.633521832,0.121263216,0.948,Fisher
7,-0.274025443,0.603932681,0.68,Fisher
8,0.628906814,0.304328515,0.168,Fisher
9,-0.891765836,0.037664545,0.98,Fisher
10,-0.202692777,0.702981578,0.668,Fisher
11,0.275521899,0.571754491,0.282,Fisher
12,-0.31485648,0.665635469,0.664,Fisher
13,-0.529409926,0.287203274,0.844,Fisher
14,-0.546820083,0.309077598,0.84,Fisher
15,0.259352077,0.592096095,0.34,Fisher
16,0.591805467,0.123066649,0.072,Fisher
17,-0.47157978,0.333356256,0.846,Fisher
18,0.160755114,0.748491165,0.348,Fisher
19,0.026425224,0.96172496,0.458,Fisher
20,0.870725837,0.106269323,0.046,Fisher
21,0.749360442,0.175484771,0.072,Fisher
22,0.19947035,0.696516143,0.336,Fisher
23,0.231804434,0.617219994,0.35,Fisher
24,0.273649992,0.61453932,0.258,Fisher
25,-0.450171651,0.499853762,0.78,Fisher
26,-0.915593442,0.156151134,0.942,Fisher
27,-0.189232737,0.762810556,0.61,Fisher
28,-0.160858512,0.732875685,0.6,Fisher
29,0.613106959,0.205396852,0.09,Fisher
30,0.061653809,0.888029189,0.426,Fisher
31,0.056880477,0.910493282,0.46,Fisher
32,0.488971343,0.310627685,0.168,Fisher
33,-0.442827673,0.400641977,0.758,Fisher
34,-0.699218599,0.244768057,0.874,Fisher
35,-0.11979298,0.812397706,0.564,Fisher
36,0.155415634,0.743913783,0.382,Fisher
37,-0.223244675,0.616180138,0.708,Fisher
38,-0.242408102,0.579297322,0.7,Fisher
39,-0.423911964,0.427470123,0.786,Fisher
40,0.072386784,0.888123298,0.478,Fisher
41,0.334670927,0.466460223,0.222,Fisher
42,-0.247880814,0.678158827,0.656,Fisher
43,-0.056408658,0.923852142,0.548,Fisher
44,-0.490278609,0.3539334,0.896,Fisher
45,0.186063612,0.691387399,0.31,Fisher
46,0.648228675,0.306022414,0.134,Fisher
47,-0.49381305,0.199318918,0.89,Fisher
48,-0.242580424,0.652791668,0.67,Fisher
49,0.211406945,0.686579292,0.322,Fisher
50,-0.155613545,0.790605299,0.594,Fisher
51,0.112767342,0.848455076,0.374,Fisher
52,0.197955719,0.750936117,0.402,Fisher
53,-0.46717152,0.382578941,0.782,Fisher
54,0.506305261,0.410407246,0.22,Fisher
55,-0.282501469,0.491516245,0.752,Fisher
56,0.146222043,0.787773444,0.404,Fisher
57,-0.002908278,0.995772412,0.478,Fisher
58,0.714463633,0.069951644,0.028,Fisher
59,0.585848656,0.188086857,0.09,Fisher
60,-0.676657741,0.275748748,0.85,Fisher
61,-0.274567584,0.614461634,0.684,Fisher
62,-0.243701527,0.686226707,0.684,Fisher
63,0.878792704,0.067323355,0.022,Fisher
64,-0.178366809,0.746265596,0.62,Fisher
65,1.290671249,0.023447022,0.004,Fisher
66,-0.44813658,0.329680914,0.826,Fisher
67,0.310699079,0.451172982,0.188,Fisher
68,-0.228483123,0.674148464,0.676,Fisher
69,-0.985287291,0.10854024,0.956,Fisher
70,0.005748727,0.991345126,0.484,Fisher
71,1.563875856,0.014012302,0.004,Fisher
72,0.018915639,0.971651833,0.506,Fisher
73,-0.281990199,0.620095326,0.702,Fisher
74,-0.3847911,0.396129513,0.768,Fisher
75,-0.032472884,0.939492522,0.564,Fisher
76,-0.222121991,0.681567179,0.66,Fisher
77,-1.04017817,0.025627217,0.994,Fisher
78,-0.373111968,0.480545882,0.71,Fisher
79,-0.027527823,0.955818537,0.56,Fisher
80,0.592072287,0.216290601,0.106,Fisher
81,0.408377476,0.499032164,0.256,Fisher
82,0.283848534,0.593676224,0.27,Fisher
83,-0.571819611,0.335739397,0.828,Fisher
84,-0.690653776,0.288425888,0.884,Fisher
85,-0.286781441,0.560158252,0.716,Fisher
86,0.735886579,0.202802231,0.06,Fisher
87,0.661499374,0.240265344,0.104,Fisher
88,0.355718139,0.606852343,0.306,Fisher
89,-0.238082215,0.689633536,0.69,Fisher
90,1.400043196,0.017823076,0.01,Fisher
91,0.622772755,0.135046575,0.062,Fisher
92,0.718282296,0.187545406,0.088,Fisher
93,0.578532378,0.226099643,0.1,Fisher
94,-0.211555503,0.746674149,0.618,Fisher
95,0.144575554,0.847089826,0.392,Fisher
96,0.429679152,0.460852377,0.21,Fisher
97,0.744966026,0.100534496,0.042,Fisher
98,-0.695320333,0.263684994,0.888,Fisher
99,0.682486295,0.280894277,0.104,Fisher
100,0.311569852,0.578085627,0.27,Fisher
101,-0.236342382,0.6995168,0.682,Fisher
102,-0.164078622,0.764483843,0.606,Fisher
103,0.111960956,0.842107622,0.41,Fisher
104,-0.369339186,0.590375265,0.72,Fisher
105,0.209971179,0.674492489,0.34,Fisher
106,-0.199919232,0.652189431,0.642,Fisher
107,-0.354458087,0.525157551,0.756,Fisher
108,0.085090234,0.889285514,0.464,Fisher
109,0.277238858,0.554464368,0.274,Fisher
110,-0.069445496,0.878617832,0.572,Fisher
111,0.298808803,0.562755345,0.324,Fisher
112,-0.579626321,0.190035372,0.914,Fisher
113,-0.145815809,0.756718731,0.626,Fisher
114,-0.193821202,0.644901663,0.656,Fisher
115,-0.696907392,0.281991625,0.86,Fisher
116,-0.203031167,0.645033984,0.632,Fisher
117,-0.018624922,0.976824986,0.53,Fisher
118,0.465351776,0.451265529,0.248,Fisher
119,-0.257765933,0.557279729,0.73,Fisher
120,0.076945225,0.872978013,0.434,Fisher
121,-0.272095587,0.559280076,0.702,Fisher
122,0.114102646,0.794892784,0.39,Fisher
123,0.859106457,0.216152353,0.102,Fisher
124,-0.139462483,0.790916832,0.592,Fisher
125,0.454191064,0.429476484,0.214,Fisher
126,-1.038958595,0.045183428,0.978,Fisher
127,0.157662496,0.76518169,0.35,Fisher
128,-0.314223894,0.44536239,0.76,Fisher
129,-0.199426684,0.813288919,0.58,Fisher
130,0.136774046,0.807347713,0.388,Fisher
131,0.061972222,0.882024737,0.472,Fisher
132,0.082203161,0.876745648,0.458,Fisher
133,-0.604012101,0.291826668,0.872,Fisher
134,0.388600283,0.277767039,0.142,Fisher
135,0.066240808,0.903871201,0.468,Fisher
136,-0.052904066,0.910060921,0.58,Fisher
137,-0.071289474,0.896535026,0.586,Fisher
138,0.141649006,0.806070276,0.404,Fisher
139,0.604298453,0.353004625,0.144,Fisher
140,-0.393902673,0.434438243,0.808,Fisher
141,0.202530528,0.680054496,0.308,Fisher
142,-0.355330826,0.501959686,0.788,Fisher
143,-0.103745,0.866138187,0.572,Fisher
144,0.026015902,0.953639764,0.484,Fisher
145,-0.130721537,0.839761112,0.62,Fisher
146,0.507245619,0.407159306,0.19,Fisher
147,-0.454637297,0.286530704,0.834,Fisher
148,-0.856146322,0.100049775,0.966,Fisher
149,0.1244482,0.794507011,0.408,Fisher
150,0.153139191,0.76475995,0.338,Fisher
151,-0.221025509,0.696023295,0.614,Fisher
152,-0.714417574,0.180584778,0.918,Fisher
153,-0.134746526,0.790650323,0.634,Fisher
154,-0.304981417,0.599993356,0.706,Fisher
155,-0.462177981,0.439066421,0.778,Fisher
156,0.400869054,0.463256706,0.246,Fisher
157,-0.610624271,0.295473268,0.84,Fisher
158,0.348374076,0.433767803,0.252,Fisher
159,0.491429503,0.283821468,0.148,Fisher
160,-0.507485998,0.370697726,0.83,Fisher
161,1.020099828,0.059409875,0.02,Fisher
162,0.483594266,0.403956329,0.196,Fisher
163,0.121638611,0.85164857,0.456,Fisher
164,-0.334770137,0.450154199,0.696,Fisher
165,0.0451861,0.926308772,0.49,Fisher
166,-0.442420217,0.327551126,0.818,Fisher
167,-0.396023739,0.34077494,0.81,Fisher
168,0.741150913,0.171648275,0.082,Fisher
169,-0.551005891,0.388430861,0.78,Fisher
170,-0.098961599,0.786204331,0.608,Fisher
171,-1.378489027,0.022383527,0.998,Fisher
172,-0.373553201,0.472284176,0.812,Fisher
173,0.626460128,0.263771647,0.118,Fisher
174,0.705553963,0.081067566,0.08,Fisher
175,-0.224997187,0.710701482,0.648,Fisher
176,-0.243231678,0.656383695,0.674,Fisher
177,-0.32373693,0.45982022,0.774,Fisher
178,-1.47154637,0.007049209,0.994,Fisher
179,0.003876731,0.994106,0.502,Fisher
180,0.421331981,0.439977824,0.216,Fisher
181,-0.288200245,0.519280401,0.752,Fisher
182,-0.22479971,0.651544339,0.684,Fisher
183,0.47526936,0.395838454,0.17,Fisher
184,-0.415519532,0.429454041,0.776,Fisher
185,1.031206178,0.045389267,0.01,Fisher
186,0.531245398,0.339435347,0.194,Fisher
187,0.097977804,0.822028549,0.448,Fisher
188,0.609646977,0.192480454,0.094,Fisher
189,-0.235668081,0.642097275,0.674,Fisher
190,-0.265051281,0.510893631,0.762,Fisher
191,-0.665304402,0.137648022,0.946,Fisher
192,-0.866086299,0.154361742,0.938,Fisher
193,1.123982392,0.047845312,0.012,Fisher
194,-0.586572695,0.33221372,0.856,Fisher
195,1.169064374,0.08987478,0.026,Fisher
196,0.736909434,0.048527601,0.018,Fisher
197,0.222328218,0.669837497,0.348,Fisher
198,-0.350395491,0.451335194,0.812,Fisher
199,0.25497378,0.679609685,0.37,Fisher
200,-0.148820562,0.705209154,0.638,Fisher
201,-0.471261125,0.379794618,0.824,Fisher
202,0.79583891,0.122002961,0.062,Fisher
203,0.251947105,0.715819057,0.36,Fisher
204,-0.803819476,0.12917821,0.932,Fisher
205,0.191122171,0.738723683,0.37,Fisher
206,-0.807134385,0.131909322,0.952,Fisher
207,-0.535735443,0.246756407,0.874,Fisher
208,0.058814531,0.885178736,0.438,Fisher
209,-0.075130112,0.88745886,0.572,Fisher
210,-0.82815844,0.137111522,0.95,Fisher
211,0.273889729,0.544551381,0.336,Fisher
212,0.506001414,0.315664751,0.142,Fisher
213,-0.346494208,0.496106156,0.756,Fisher
214,0.154528645,0.742088303,0.366,Fisher
215,-0.031486315,0.952845442,0.494,Fisher
216,0.105545637,0.777627926,0.438,Fisher
217,-0.496486433,0.254104599,0.838,Fisher
218,-0.674113742,0.112534651,0.906,Fisher
219,0.632115185,0.212765816,0.064,Fisher
220,-0.160298213,0.779728714,0.594,Fisher
221,-0.476073743,0.296956169,0.848,Fisher
222,0.484156556,0.320743047,0.164,Fisher
223,0.283473713,0.609798577,0.254,Fisher
224,0.561680416,0.287573315,0.12,Fisher
225,-0.396258616,0.351818787,0.838,Fisher
226,0.006711159,0.99081996,0.526,Fisher
227,0.082965549,0.86897404,0.436,Fisher
228,-0.003030776,0.996274438,0.486,Fisher
229,-0.021038513,0.973855919,0.524,Fisher
230,0.934731771,0.095072438,0.05,Fisher
231,-0.336346999,0.611356816,0.67,Fisher
232,0.307935248,0.517562907,0.236,Fisher
233,0.168459932,0.734243202,0.372,Fisher
234,0.52343772,0.181474314,0.122,Fisher
235,-0.254473455,0.656821234,0.67,Fisher
236,-0.385819645,0.60551644,0.718,Fisher
237,0.583730699,0.342702091,0.17,Fisher
238,0.0033536,0.995477964,0.52,Fisher
239,-0.76988761,0.130475562,0.928,Fisher
240,0.007589929,0.991385122,0.482,Fisher
241,-0.130601561,0.801669685,0.602,Fisher
242,-0.083794899,0.876826562,0.556,Fisher
243,-0.580153383,0.391699253,0.794,Fisher
244,1.005054157,0.159884438,0.074,Fisher
245,0.394813815,0.392111028,0.186,Fisher
246,0.516768572,0.258408932,0.128,Fisher
247,0.017903179,0.972597381,0.524,Fisher
248,-0.411146055,0.469940543,0.76,Fisher
249,0.526585515,0.441393273,0.232,Fisher
250,-0.337930826,0.509918067,0.756,Fisher
251,-0.207796832,0.645788873,0.696,Fisher
252,1.05625261,0.080769436,0.042,Fisher
253,0.112342749,0.859191469,0.418,Fisher
254,0.051936455,0.924542275,0.45,Fisher
255,0.276036118,0.585774915,0.308,Fisher
256,-0.515643859,0.220645774,0.904,Fisher
257,0.181558092,0.739027302,0.33,Fisher
258,0.249991757,0.679731311,0.34,Fisher
259,0.635155129,0.205155679,0.11,Fisher
260,-0.336687978,0.51445399,0.756,Fisher
261,-0.165399654,0.661536087,0.668,Fisher
262,-0.370587097,0.280142383,0.882,Fisher
263,-0.181947347,0.666185499,0.638,Fisher
264,-0.452943094,0.444508797,0.776,Fisher
265,-0.634574763,0.357348378,0.826,Fisher
266,0.175057797,0.756853363,0.4,Fisher
267,0.313699879,0.546494975,0.272,Fisher
268,0.849774469,0.079545898,0.022,Fisher
269,0.710445315,0.193800258,0.104,Fisher
270,-0.032550231,0.9611667,0.51,Fisher
271,-0.202831467,0.704222973,0.618,Fisher
272,-0.84750579,0.022385209,0.986,Fisher
273,0.365210617,0.528411431,0.244,Fisher
274,-0.454119458,0.349332949,0.824,Fisher
275,0.345272076,0.568378201,0.29,Fisher
276,0.384597045,0.581592343,0.272,Fisher
277,-0.024462544,0.96266684,0.52,Fisher
278,0.170689423,0.719569884,0.378,Fisher
279,0.792921015,0.178278274,0.084,Fisher
280,-0.027130547,0.964928813,0.508,Fisher
281,0.043897074,0.944172962,0.478,Fisher
282,0.305033716,0.606507744,0.31,Fisher
283,-0.544091021,0.340683922,0.84,Fisher
284,0.215018559,0.71422422,0.422,Fisher
285,-0.049012393,0.927531224,0.548,Fisher
286,0.505513308,0.400023651,0.16,Fisher
287,0.383536273,0.490627008,0.236,Fisher
288,-0.642966876,0.322221732,0.886,Fisher
289,0.248289204,0.535322582,0.264,Fisher
290,-0.021050963,0.967890821,0.536,Fisher
291,-0.432473369,0.342765874,0.82,Fisher
292,0.101396876,0.856175858,0.472,Fisher
293,0.599688271,0.207602661,0.122,Fisher
294,0.887029965,0.075385328,0.024,Fisher
295,0.294044443,0.571950295,0.296,Fisher
296,0.530307996,0.267044065,0.148,Fisher
297,1.593385066,0.003172289,0.002,Fisher
298,-0.560590457,0.200381982,0.878,Fisher
299,-0.819166464,0.045616391,0.968,Fisher
300,-0.224543072,0.739192791,0.668,Fisher
301,-0.059921396,0.925753807,0.512,Fisher
302,0.333876223,0.564039119,0.29,Fisher
303,0.324119342,0.532733792,0.258,Fisher
304,-0.197629948,0.700259231,0.624,Fisher
305,-0.068831134,0.894097564,0.528,Fisher
306,-1.065742282,0.085757136,0.962,Fisher
307,-0.323215637,0.573683809,0.74,Fisher
308,-0.617662251,0.220416958,0.86,Fisher
309,-0.08703224,0.884261791,0.582,Fisher
310,-0.023336276,0.968395614,0.528,Fisher
311,-0.562285726,0.330421608,0.804,Fisher
312,0.499441198,0.288331068,0.118,Fisher
313,0.245925626,0.64424196,0.318,Fisher
314,-0.604291157,0.203093725,0.884,Fisher
315,-0.030335192,0.952426948,0.55,Fisher
316,1.696288538,0.000445763,0,Fisher
317,0.165562327,0.799843193,0.356,Fisher
318,-0.386338617,0.468614503,0.806,Fisher
319,-0.288852848,0.541467681,0.726,Fisher
320,-0.812823537,0.093385588,0.946,Fisher
321,-1.119148085,0.047700906,0.972,Fisher
322,-0.438574881,0.550655388,0.734,Fisher
323,-0.428432673,0.333174784,0.848,Fisher
324,-0.078388555,0.84568501,0.548,Fisher
325,0.178472597,0.701482081,0.336,Fisher
326,-0.114260936,0.875927348,0.588,Fisher
327,-0.177269751,0.738182377,0.598,Fisher
328,0.075218058,0.883888448,0.434,Fisher
329,-0.65233635,0.253356973,0.844,Fisher
330,-0.157469409,0.7980916,0.608,Fisher
331,0.886780736,0.063071906,0.028,Fisher
332,-0.049780038,0.922166926,0.516,Fisher
333,-0.193576164,0.64963871,0.676,Fisher
334,0.447405894,0.382044018,0.18,Fisher
335,-0.433492387,0.431148675,0.776,Fisher
336,1.154785496,0.053674011,0.034,Fisher
337,0.564092377,0.417809415,0.176,Fisher
338,0.218401144,0.651972606,0.314,Fisher
339,-0.375259692,0.418513478,0.806,Fisher
340,-0.965090903,0.034826834,0.986,Fisher
341,-0.531343316,0.303619401,0.86,Fisher
342,-0.988034448,0.049333508,0.964,Fisher
343,-0.688264573,0.140162842,0.928,Fisher
344,-0.836247316,0.15787417,0.926,Fisher
345,-0.472234163,0.387245397,0.822,Fisher
346,0.048073115,0.914283712,0.448,Fisher
347,0.66508159,0.181039045,0.124,Fisher
348,-0.078045127,0.874628055,0.542,Fisher
349,-0.494462109,0.454959621,0.794,Fisher
350,0.497199409,0.324696121,0.156,Fisher
351,0.542874352,0.262802263,0.1,Fisher
352,-0.931404658,0.025221104,0.982,Fisher
353,-0.211335331,0.677023418,0.64,Fisher
354,0.097651416,0.863955647,0.452,Fisher
355,0.440687965,0.359857638,0.16,Fisher
356,0.878288122,0.076995704,0.034,Fisher
357,0.344164333,0.482632769,0.238,Fisher
358,-0.149563868,0.807835689,0.592,Fisher
359,0.925351972,0.092667685,0.048,Fisher
360,-0.086005139,0.846520454,0.612,Fisher
361,-0.115155733,0.833425564,0.582,Fisher
362,0.580205337,0.164849433,0.086,Fisher
363,-0.339061338,0.512925637,0.718,Fisher
364,-0.882940133,0.074810107,0.966,Fisher
365,-0.304097212,0.532901865,0.7,Fisher
366,-0.136260048,0.743307623,0.656,Fisher
367,-0.111645865,0.843903134,0.596,Fisher
368,-0.491576993,0.321140459,0.856,Fisher
369,0.309617471,0.49317585,0.252,Fisher
370,-0.146458046,0.834064132,0.628,Fisher
371,-0.096569212,0.860299061,0.536,Fisher
372,-0.588855018,0.320206663,0.864,Fisher
373,-0.465919502,0.347565187,0.818,Fisher
374,0.162522682,0.740604326,0.372,Fisher
375,0.317181177,0.47816747,0.228,Fisher
376,0.562834573,0.290276059,0.144,Fisher
377,0.238414147,0.621540116,0.274,Fisher
378,-0.319279569,0.566913446,0.722,Fisher
379,0.561339906,0.262560237,0.16,Fisher
380,-0.244479775,0.719955891,0.596,Fisher
381,0.435805732,0.404431346,0.198,Fisher
382,-0.397753043,0.514763172,0.72,Fisher
383,-0.231904146,0.640415619,0.674,Fisher
384,-0.748402616,0.220591428,0.894,Fisher
385,-0.262869683,0.629498086,0.672,Fisher
386,-0.673153356,0.129570074,0.912,Fisher
387,-0.008395927,0.987031783,0.504,Fisher
388,0.840736075,0.095947031,0.044,Fisher
389,-0.387568864,0.35813239,0.842,Fisher
390,-0.159006182,0.685745696,0.674,Fisher
391,0.24796525,0.579491921,0.256,Fisher
392,-0.730792893,0.24684054,0.888,Fisher
393,0.04965472,0.917331636,0.432,Fisher
394,0.137517746,0.724059208,0.394,Fisher
395,-0.704116829,0.241753292,0.864,Fisher
396,-0.261646352,0.598342161,0.686,Fisher
397,-0.504322808,0.416229934,0.728,Fisher
398,-0.365851972,0.452987464,0.724,Fisher
399,0.553686211,0.343842495,0.136,Fisher
400,0.402993061,0.347055925,0.176,Fisher
401,-0.75597872,0.154992574,0.926,Fisher
402,0.060427203,0.903724484,0.486,Fisher
403,-0.827188914,0.0505381,0.958,Fisher
404,-0.184423119,0.745957785,0.602,Fisher
405,-0.353595173,0.44297573,0.77,Fisher
406,-0.26216034,0.631782263,0.676,Fisher
407,0.542221125,0.326392222,0.182,Fisher
408,0.295498486,0.572125315,0.304,Fisher
409,0.386856329,0.538335944,0.21,Fisher
410,-0.426523103,0.420243919,0.728,Fisher
411,-0.049333418,0.910792877,0.554,Fisher
412,-0.584965592,0.360365663,0.818,Fisher
413,-0.227604189,0.694331734,0.664,Fisher
414,0.536276669,0.335834734,0.15,Fisher
415,-0.588158487,0.230357075,0.86,Fisher
416,-0.180656683,0.65977399,0.62,Fisher
417,0.509673445,0.342945111,0.148,Fisher
418,-0.288771207,0.487111131,0.74,Fisher
419,0.523968835,0.259206437,0.11,Fisher
420,0.427582254,0.496305421,0.208,Fisher
421,-0.05803192,0.898697331,0.542,Fisher
422,0.620918955,0.25381891,0.12,Fisher
423,-0.324741748,0.524637699,0.722,Fisher
424,0.490991171,0.371144913,0.186,Fisher
425,0.128231046,0.818323126,0.424,Fisher
426,0.079080046,0.875551974,0.418,Fisher
427,0.349003337,0.523765358,0.234,Fisher
428,0.125344006,0.837405152,0.428,Fisher
429,-0.019490205,0.96752969,0.534,Fisher
430,-0.701239114,0.162433119,0.894,Fisher
431,-0.056388358,0.917931194,0.594,Fisher
432,0.380070356,0.432193383,0.218,Fisher
433,0.210281614,0.613232811,0.33,Fisher
434,0.156232578,0.796339801,0.36,Fisher
435,-0.14025017,0.758789349,0.622,Fisher
436,0.156505896,0.733763667,0.374,Fisher
437,-0.1867872,0.701537734,0.644,Fisher
438,0.197798515,0.687529179,0.346,Fisher
439,0.256131472,0.60767326,0.312,Fisher
440,0.488204,0.307896419,0.146,Fisher
441,0.068983726,0.903444624,0.476,Fisher
442,-0.616818665,0.111171781,0.898,Fisher
443,0.637196379,0.18237877,0.132,Fisher
444,-0.721656103,0.191731362,0.94,Fisher
445,0.335653042,0.516802458,0.266,Fisher
446,0.695527844,0.122908226,0.078,Fisher
447,0.137450525,0.628057235,0.304,Fisher
448,0.206817166,0.634335688,0.302,Fisher
449,0.25397466,0.609958774,0.314,Fisher
450,0.672208849,0.18576552,0.132,Fisher
451,-0.284734688,0.584924273,0.714,Fisher
452,0.389478777,0.432409955,0.222,Fisher
453,-0.242566195,0.549671817,0.722,Fisher
454,0.097928852,0.80564176,0.444,Fisher
455,1.166087111,0.039226702,0.02,Fisher
456,-0.309359053,0.605126504,0.708,Fisher
457,0.633181472,0.205960502,0.12,Fisher
458,-0.339015655,0.552713977,0.706,Fisher
459,-0.17574007,0.689562754,0.656,Fisher
460,0.206787431,0.708804433,0.334,Fisher
461,-0.757191,0.110571848,0.922,Fisher
462,-0.042321117,0.940805239,0.52,Fisher
463,-0.85184064,0.142488377,0.934,Fisher
464,-0.12472247,0.760724323,0.63,Fisher
465,0.177277474,0.659534255,0.278,Fisher
466,0.422116631,0.42802637,0.226,Fisher
467,-0.654143602,0.0819381,0.958,Fisher
468,1.169167924,0.043163872,0.022,Fisher
469,-0.237713766,0.647583487,0.636,Fisher
470,-0.44914826,0.288089118,0.824,Fisher
471,-0.289626764,0.583161505,0.678,Fisher
472,-0.856351857,0.057187213,0.97,Fisher
473,-1.141289992,0.014044135,0.984,Fisher
474,0.28926934,0.47891698,0.234,Fisher
475,-1.912327441,0.023941385,0.998,Fisher
476,-0.41524601,0.509491951,0.76,Fisher
477,0.148532221,0.789178391,0.372,Fisher
478,0.280405356,0.574914931,0.274,Fisher
479,0.963420253,0.092804826,0.024,Fisher
480,-0.268785997,0.571621261,0.674,Fisher
481,-0.512425041,0.448479053,0.816,Fisher
482,-0.227905212,0.603449448,0.708,Fisher
483,0.84408853,0.087660841,0.046,Fisher
484,0.23729047,0.670769223,0.302,Fisher
485,0.536199741,0.397605059,0.158,Fisher
486,0.538860918,0.268634718,0.156,Fisher
487,-0.955983691,0.039658792,0.978,Fisher
488,0.175033805,0.603266828,0.296,Fisher
489,0.60325235,0.321856025,0.162,Fisher
490,0.455063877,0.420259076,0.222,Fisher
491,0.004977315,0.993451377,0.466,Fisher
492,-0.065307435,0.895722042,0.526,Fisher
493,0.669160212,0.146823195,0.078,Fisher
494,0.624675946,0.077992405,0.07,Fisher
495,0.787170194,0.219099251,0.1,Fisher
496,0.369015292,0.505161178,0.242,Fisher
497,0.045088717,0.934062218,0.488,Fisher
498,0.055453507,0.913633548,0.488,Fisher
499,-0.727599869,0.103127719,0.928,Fisher
500,0.792279818,0.212111391,0.1,Fisher
501,0.440007814,0.378589689,0.234,Fisher
502,-0.057555246,0.917357952,0.496,Fisher
503,-0.470365839,0.428171494,0.798,Fisher
504,0.1001416,0.859653753,0.444,Fisher
505,0.113807721,0.827723279,0.43,Fisher
506,0.134462865,0.824306542,0.378,Fisher
507,1.022070605,0.011732964,0,Fisher
508,0.026125307,0.968935004,0.476,Fisher
509,-0.295811516,0.646168538,0.69,Fisher
510,-0.282721416,0.624748491,0.654,Fisher
511,1.099513087,0.06063724,0.034,Fisher
512,-0.676784676,0.176496986,0.898,Fisher
513,0.486626638,0.407565539,0.16,Fisher
514,-0.205284964,0.625623028,0.688,Fisher
515,0.186610258,0.642818132,0.354,Fisher
516,0.625766516,0.198841202,0.138,Fisher
517,-0.577371891,0.212355156,0.872,Fisher
518,-0.19023305,0.709684966,0.642,Fisher
519,0.136314287,0.805077428,0.412,Fisher
520,-0.083916247,0.847368241,0.588,Fisher
521,-0.043532135,0.927795372,0.542,Fisher
522,-0.066216619,0.906630392,0.5,Fisher
523,0.436656042,0.3608005,0.168,Fisher
524,-0.1075287,0.784661329,0.574,Fisher
525,0.26873572,0.67629629,0.346,Fisher
526,-0.133767629,0.769476827,0.586,Fisher
527,0.768310989,0.101128271,0.044,Fisher
528,0.105557142,0.835076001,0.418,Fisher
529,-0.392706879,0.37500798,0.81,Fisher
530,-0.06985531,0.871432074,0.586,Fisher
531,0.610441659,0.320706714,0.134,Fisher
532,0.300111977,0.545651472,0.27,Fisher
533,0.606594679,0.186623484,0.082,Fisher
534,-0.104775363,0.875900604,0.572,Fisher
535,0.941500327,0.024659907,0.008,Fisher
536,0.1938997,0.737649095,0.392,Fisher
537,-0.119974878,0.741551047,0.622,Fisher
538,-0.22026485,0.677899273,0.668,Fisher
539,-0.475545482,0.427959854,0.784,Fisher
540,0.242015607,0.666150951,0.33,Fisher
541,0.706638748,0.131547865,0.092,Fisher
542,-0.255528514,0.548848274,0.69,Fisher
543,0.113181389,0.825661338,0.424,Fisher
544,-0.962996064,0.011211803,0.996,Fisher
545,0.50193929,0.435058614,0.24,Fisher
546,0.386731905,0.417862553,0.222,Fisher
547,-0.298039021,0.610650317,0.69,Fisher
548,0.330034078,0.530930886,0.258,Fisher
549,0.263529666,0.689613003,0.356,Fisher
550,-0.829630432,0.23951909,0.864,Fisher
551,0.38383211,0.509464819,0.238,Fisher
552,0.193636453,0.743935127,0.386,Fisher
553,0.432663412,0.459190265,0.26,Fisher
554,0.234973377,0.547699053,0.278,Fisher
555,0.301435774,0.601521993,0.298,Fisher
556,-0.467016883,0.42099239,0.804,Fisher
557,-0.074534513,0.868457292,0.554,Fisher
558,0.072211297,0.865925199,0.452,Fisher
559,0.542197814,0.330031624,0.176,Fisher
560,-0.430662168,0.304709399,0.83,Fisher
561,-0.784100042,0.059568965,0.972,Fisher
562,-0.309426402,0.534901517,0.738,Fisher
563,-0.3553186,0.520609893,0.728,Fisher
564,0.560898097,0.33835744,0.14,Fisher
565,0.203079434,0.72650638,0.336,Fisher
566,-0.357376832,0.430319575,0.786,Fisher
567,0.039511286,0.919557662,0.506,Fisher
568,0.414186021,0.399917322,0.238,Fisher
569,-0.081779588,0.860557,0.572,Fisher
570,-0.236197676,0.664153143,0.698,Fisher
571,0.081603184,0.869404608,0.444,Fisher
572,-0.267169434,0.635761464,0.678,Fisher
573,0.220988501,0.625210507,0.342,Fisher
574,0.413325122,0.383892359,0.22,Fisher
575,0.624603367,0.291028387,0.144,Fisher
576,-0.188662849,0.7224138,0.66,Fisher
577,-1.132643963,0.043515837,0.976,Fisher
578,-0.349578074,0.477487458,0.762,Fisher
579,-0.06448686,0.912593234,0.526,Fisher
580,-0.629540126,0.251197055,0.858,Fisher
581,0.756638161,0.160961658,0.094,Fisher
582,0.089359014,0.853008377,0.416,Fisher
583,0.951670725,0.090529817,0.05,Fisher
584,0.896436897,0.124115369,0.054,Fisher
585,0.289983663,0.580511149,0.3,Fisher
586,1.496476694,0.027698723,0.008,Fisher
587,-0.48358941,0.357117228,0.834,Fisher
588,-0.340112409,0.512309137,0.76,Fisher
589,-0.302354347,0.554643654,0.738,Fisher
590,-0.878634126,0.114220948,0.936,Fisher
591,0.589807347,0.210343182,0.106,Fisher
592,-0.195472959,0.755034277,0.66,Fisher
593,-0.745723857,0.156973255,0.93,Fisher
594,0.075691234,0.890200621,0.424,Fisher
595,0.074106781,0.884736178,0.444,Fisher
596,0.03828804,0.940168362,0.45,Fisher
597,0.195980348,0.732113207,0.362,Fisher
598,-0.247293927,0.62523348,0.708,Fisher
599,-0.41928636,0.410238876,0.776,Fisher
600,0.500508975,0.34540428,0.154,Fisher
601,-0.31768603,0.505289316,0.742,Fisher
602,-0.280909266,0.647206967,0.664,Fisher
603,0.742039357,0.124496059,0.04,Fisher
604,0.773022266,0.144509339,0.068,Fisher
605,0.78137724,0.219778759,0.116,Fisher
606,0.144252589,0.730924041,0.398,Fisher
607,-0.956736934,0.100077511,0.97,Fisher
608,0.503871526,0.324723783,0.134,Fisher
609,-0.229394336,0.696946677,0.682,Fisher
610,0.3807343,0.466401263,0.252,Fisher
611,0.290579891,0.506191127,0.242,Fisher
612,-0.76790983,0.186331627,0.9,Fisher
613,-0.151368869,0.773376956,0.63,Fisher
614,0.381368446,0.400053109,0.208,Fisher
615,-0.238874368,0.666826492,0.662,Fisher
616,-0.137025746,0.820478553,0.554,Fisher
617,-0.53381419,0.460417707,0.766,Fisher
618,0.404544397,0.382150567,0.164,Fisher
619,0.225618712,0.71640757,0.352,Fisher
620,-0.510081352,0.495697054,0.78,Fisher
621,0.269030028,0.624745296,0.34,Fisher
622,0.522752307,0.285509669,0.136,Fisher
623,0.154474548,0.764598334,0.404,Fisher
624,0.311877519,0.543264398,0.254,Fisher
625,-0.468837927,0.265174126,0.876,Fisher
626,-0.207335158,0.727698159,0.61,Fisher
627,-1.109901124,0.026283033,0.986,Fisher
628,0.042127167,0.941776841,0.426,Fisher
629,-0.669327806,0.074276332,0.918,Fisher
630,-0.689402979,0.330896813,0.844,Fisher
631,0.253868033,0.54651534,0.274,Fisher
632,0.054764201,0.908517435,0.452,Fisher
633,0.774285654,0.119095926,0.056,Fisher
634,0.324771582,0.554781676,0.294,Fisher
635,1.505971107,0.001015938,0,Fisher
636,0.151134824,0.762395561,0.382,Fisher
637,-0.865917122,0.071214213,0.972,Fisher
638,0.424210508,0.482737343,0.244,Fisher
639,0.980652849,0.047713951,0.032,Fisher
640,0.33495931,0.445344295,0.2,Fisher
641,-0.446317198,0.302207382,0.858,Fisher
642,1.155130478,0.010793933,0.01,Fisher
643,0.267481642,0.708023452,0.338,Fisher
644,-0.206934774,0.663173534,0.66,Fisher
645,-1.269517404,0.021844844,0.994,Fisher
646,1.282448966,0.027794409,0.014,Fisher
647,-0.357489322,0.515549121,0.728,Fisher
648,-0.913481257,0.099497925,0.956,Fisher
649,-0.746234794,0.162581412,0.932,Fisher
650,-0.175770382,0.819444704,0.614,Fisher
651,1.399642817,0.005125774,0.006,Fisher
652,-0.73571088,0.169546221,0.87,Fisher
653,0.152040803,0.739636872,0.394,Fisher
654,-0.23119421,0.658895726,0.672,Fisher
655,0.332963889,0.510501923,0.272,Fisher
656,-0.333680262,0.46223038,0.77,Fisher
657,-0.089352509,0.853152435,0.566,Fisher
658,0.641060951,0.265189806,0.11,Fisher
659,-0.418038501,0.438808186,0.788,Fisher
660,0.102083449,0.834998303,0.428,Fisher
661,-0.038795291,0.94354496,0.51,Fisher
662,-0.668001136,0.230858487,0.886,Fisher
663,0.015899769,0.973549538,0.47,Fisher
664,0.086772739,0.846199613,0.466,Fisher
665,0.891741536,0.046793388,0.024,Fisher
666,-0.078569888,0.858521134,0.558,Fisher
667,0.723598791,0.164876388,0.118,Fisher
668,-0.374962185,0.381048476,0.82,Fisher
669,0.219619628,0.742952261,0.352,Fisher
670,-0.107387784,0.839489734,0.558,Fisher
671,-0.296361293,0.629797275,0.71,Fisher
672,0.417147008,0.333953867,0.17,Fisher
673,-0.173842523,0.69890887,0.66,Fisher
674,0.354891939,0.464429397,0.238,Fisher
675,-0.812967505,0.176649701,0.92,Fisher
676,0.138414252,0.778694881,0.408,Fisher
677,0.218397926,0.688187225,0.384,Fisher
678,0.118077601,0.814128666,0.386,Fisher
679,0.81477864,0.08818865,0.038,Fisher
680,-0.868071618,0.121216118,0.942,Fisher
681,0.823818668,0.188363598,0.08,Fisher
682,1.241101222,0.088784271,0.054,Fisher
683,-0.122449624,0.853618079,0.594,Fisher
684,0.177997769,0.678982465,0.332,Fisher
685,-0.152532964,0.767295037,0.608,Fisher
686,0.634529734,0.337191041,0.126,Fisher
687,0.447891977,0.33862852,0.174,Fisher
688,-0.09019465,0.845257509,0.6,Fisher
689,0.82156318,0.23502849,0.104,Fisher
690,-0.533656919,0.336620339,0.824,Fisher
691,-0.720851351,0.08085583,0.974,Fisher
692,-0.283579791,0.562978833,0.71,Fisher
693,1.063308887,0.052220446,0.016,Fisher
694,0.92244891,0.055394415,0.026,Fisher
695,0.347158548,0.548495451,0.27,Fisher
696,-0.148632598,0.817574984,0.61,Fisher
697,-0.336864046,0.549260074,0.748,Fisher
698,0.173985841,0.695375794,0.332,Fisher
699,0.160508196,0.769322996,0.366,Fisher
700,-0.641853366,0.231661732,0.894,Fisher
701,1.037223813,0.031946646,0.024,Fisher
702,0.319371894,0.564647964,0.256,Fisher
703,1.24552693,0.120361728,0.046,Fisher
704,0.027223095,0.95203793,0.464,Fisher
705,0.693070659,0.168184584,0.09,Fisher
706,0.334423402,0.520327348,0.238,Fisher
707,-0.430091106,0.414606054,0.736,Fisher
708,0.049417266,0.918301852,0.49,Fisher
709,0.112839236,0.846100773,0.426,Fisher
710,-0.45898364,0.412192647,0.762,Fisher
711,0.517339558,0.373854204,0.214,Fisher
712,0.55424484,0.283799207,0.144,Fisher
713,0.054843118,0.914036555,0.458,Fisher
714,-0.080112415,0.901693386,0.512,Fisher
715,0.571033245,0.230445415,0.138,Fisher
716,0.166097338,0.743292873,0.37,Fisher
717,-0.014904016,0.976823662,0.48,Fisher
718,-0.75200579,0.224692232,0.91,Fisher
719,-0.579632086,0.170063304,0.884,Fisher
720,-1.106110754,0.019568801,0.984,Fisher
721,0.253183724,0.644138898,0.324,Fisher
722,0.009879834,0.982993406,0.478,Fisher
723,0.325857679,0.562071748,0.274,Fisher
724,0.404816279,0.493607788,0.242,Fisher
725,-0.531376893,0.376738205,0.784,Fisher
726,0.097223302,0.859789826,0.394,Fisher
727,-0.228321443,0.586365018,0.706,Fisher
728,-0.769707448,0.129805418,0.936,Fisher
729,-0.847696927,0.090661317,0.958,Fisher
730,-0.259376545,0.662398035,0.66,Fisher
731,0.60867373,0.172349198,0.064,Fisher
732,-0.179597593,0.711762021,0.634,Fisher
733,-0.781657144,0.179805043,0.918,Fisher
734,-0.691348657,0.160020411,0.894,Fisher
735,-0.798189846,0.136237347,0.924,Fisher
736,-0.941901579,0.059607418,0.956,Fisher
737,-0.223578606,0.686688978,0.642,Fisher
738,0.681681338,0.190923389,0.086,Fisher
739,0.440743658,0.372929473,0.206,Fisher
740,0.347506348,0.442714731,0.238,Fisher
741,0.210637602,0.705186682,0.31,Fisher
742,0.200750148,0.799274636,0.41,Fisher
743,-0.01810535,0.974733976,0.498,Fisher
744,-0.627511718,0.232758706,0.882,Fisher
745,0.228826653,0.589789238,0.32,Fisher
746,-0.54731321,0.395805656,0.824,Fisher
747,-0.120915645,0.837578697,0.586,Fisher
748,0.011297983,0.983112295,0.528,Fisher
749,-0.182902036,0.751444682,0.582,Fisher
750,-0.711616134,0.140350335,0.948,Fisher
751,0.3715461,0.493267101,0.252,Fisher
752,1.041035208,0.035719716,0.014,Fisher
753,0.979692514,0.046630065,0.022,Fisher
754,0.04894177,0.92194601,0.444,Fisher
755,0.443237936,0.430181707,0.224,Fisher
756,-0.515812807,0.281413454,0.868,Fisher
757,-0.236818391,0.50890808,0.79,Fisher
758,0.036396772,0.949115643,0.488,Fisher
759,1.370573274,0.02216073,0.016,Fisher
760,0.021042626,0.965710414,0.45,Fisher
761,-0.823910187,0.122585167,0.924,Fisher
762,-0.071576976,0.885449228,0.554,Fisher
763,0.43267205,0.481911973,0.258,Fisher
764,0.445262277,0.361252138,0.178,Fisher
765,1.233903523,0.182200976,0.032,Fisher
766,0.008037248,0.990675213,0.478,Fisher
767,0.383059585,0.531810877,0.28,Fisher
768,-0.320347308,0.576444621,0.708,Fisher
769,-0.752744076,0.126295235,0.918,Fisher
770,-0.074745338,0.893452579,0.514,Fisher
771,-0.219963106,0.679087188,0.664,Fisher
772,-0.589872805,0.169181802,0.904,Fisher
773,-0.073206142,0.89883813,0.538,Fisher
774,0.076316037,0.847944749,0.428,Fisher
775,0.547042522,0.283162254,0.16,Fisher
776,-0.419761894,0.492831079,0.77,Fisher
777,0.300866743,0.539975055,0.276,Fisher
778,0.19599799,0.736881614,0.402,Fisher
779,0.748653967,0.220682353,0.1,Fisher
780,0.357443537,0.498994542,0.3,Fisher
781,0.199539106,0.680583488,0.32,Fisher
782,0.621052102,0.199237796,0.076,Fisher
783,-0.752081416,0.077657912,0.956,Fisher
784,-0.425789772,0.301225368,0.87,Fisher
785,0.484854395,0.354193937,0.18,Fisher
786,-0.293794383,0.560622689,0.73,Fisher
787,0.537612156,0.246071315,0.14,Fisher
788,0.061861666,0.92323483,0.434,Fisher
789,-0.578712953,0.362289574,0.8,Fisher
790,0.330534602,0.537859783,0.26,Fisher
791,-0.973784405,0.121819016,0.918,Fisher
792,0.22544355,0.665006835,0.326,Fisher
793,0.213699663,0.691249704,0.36,Fisher
794,-0.005331065,0.989251739,0.456,Fisher
795,-0.347061963,0.530426083,0.748,Fisher
796,-1.23253744,0.012464475,0.996,Fisher
797,-0.673566733,0.162612608,0.888,Fisher
798,1.002437552,0.137880474,0.064,Fisher
799,-0.441184338,0.377643358,0.792,Fisher
800,-0.011237999,0.983437589,0.532,Fisher
801,0.273846665,0.619884167,0.318,Fisher
802,0.078162553,0.889589586,0.436,Fisher
803,-0.42570381,0.406446359,0.794,Fisher
804,-0.053235173,0.914465107,0.528,Fisher
805,-0.080744876,0.860552473,0.544,Fisher
806,0.206999995,0.69253656,0.35,Fisher
807,-0.291570129,0.533816571,0.716,Fisher
808,1.390448652,0.005432453,0.002,Fisher
809,-0.766262225,0.164781793,0.91,Fisher
810,-0.250932559,0.666144357,0.666,Fisher
811,0.568327484,0.356633798,0.178,Fisher
812,-0.081856271,0.878755514,0.518,Fisher
813,0.377922877,0.505940718,0.264,Fisher
814,-0.164056946,0.712258089,0.596,Fisher
815,0.162654891,0.790991388,0.412,Fisher
816,0.141497997,0.76511025,0.41,Fisher
817,0.54168156,0.340008031,0.15,Fisher
818,-0.178434352,0.736833506,0.642,Fisher
819,-1.484636045,0.004478321,0.998,Fisher
820,0.027968009,0.953961901,0.458,Fisher
821,-0.293491215,0.611733152,0.724,Fisher
822,-0.645345527,0.147456431,0.926,Fisher
823,0.229464115,0.663967849,0.346,Fisher
824,-0.254242138,0.589769303,0.634,Fisher
825,-0.267304755,0.564538261,0.696,Fisher
826,-0.772945798,0.195868888,0.906,Fisher
827,0.974722591,0.081233254,0.048,Fisher
828,0.537147195,0.385107209,0.196,Fisher
829,-0.355719364,0.511743022,0.774,Fisher
830,-0.779211024,0.080538884,0.946,Fisher
831,-0.092548743,0.86267199,0.568,Fisher
832,0.271091777,0.499271623,0.244,Fisher
833,0.376780028,0.434179002,0.216,Fisher
834,0.381242244,0.356804471,0.198,Fisher
835,0.093065837,0.902258349,0.45,Fisher
836,1.009638848,0.011917627,0.01,Fisher
837,0.072220466,0.910815376,0.452,Fisher
838,0.119561829,0.849378913,0.438,Fisher
839,-0.812683303,0.132366854,0.944,Fisher
840,0.807342829,0.177325824,0.088,Fisher
841,-0.027942869,0.956188524,0.51,Fisher
842,-0.37358837,0.508598225,0.74,Fisher
843,0.245799903,0.615737066,0.28,Fisher
844,-0.296573734,0.579212908,0.712,Fisher
845,0.768776826,0.076089228,0.034,Fisher
846,-0.827553023,0.158544886,0.896,Fisher
847,0.261112919,0.527003393,0.25,Fisher
848,0.439809468,0.472447571,0.244,Fisher
849,0.941639014,0.079069327,0.036,Fisher
850,-0.386788992,0.53011024,0.734,Fisher
851,0.316494506,0.502999277,0.278,Fisher
852,0.093633769,0.847532089,0.446,Fisher
853,-1.005720986,0.034307237,0.988,Fisher
854,0.212022849,0.752559212,0.358,Fisher
855,0.601569167,0.235922528,0.102,Fisher
856,-0.475397529,0.353563503,0.852,Fisher
857,0.094379069,0.88415368,0.43,Fisher
858,-0.561129939,0.3331997,0.83,Fisher
859,-1.37466968,0.009150803,0.996,Fisher
860,-0.65849494,0.344178473,0.84,Fisher
861,0.930878766,0.118316474,0.058,Fisher
862,-0.108946748,0.841736101,0.572,Fisher
863,0.382886267,0.453260893,0.214,Fisher
864,-1.502325764,0.003239682,1,Fisher
865,-0.108139278,0.840988179,0.558,Fisher
866,-0.043007675,0.931231008,0.486,Fisher
867,-0.405873672,0.451148805,0.758,Fisher
868,0.360825361,0.454898027,0.228,Fisher
869,1.024442898,0.126685608,0.072,Fisher
870,-0.246802287,0.551284225,0.706,Fisher
871,0.160331083,0.793424201,0.396,Fisher
872,0.828234011,0.116223926,0.05,Fisher
873,0.026815928,0.957687588,0.488,Fisher
874,-0.65841064,0.276251958,0.888,Fisher
875,-0.270831302,0.583823563,0.724,Fisher
876,-0.023173808,0.958978852,0.49,Fisher
877,0.289650799,0.625189243,0.328,Fisher
878,-0.502757297,0.34408331,0.776,Fisher
879,-1.127046895,0.059399553,0.98,Fisher
880,0.458470618,0.380211223,0.206,Fisher
881,0.21052556,0.743914568,0.344,Fisher
882,-1.429862571,0.005963043,0.992,Fisher
883,0.676336343,0.139455337,0.056,Fisher
884,-0.269430009,0.647457006,0.698,Fisher
885,0.197860532,0.715214954,0.362,Fisher
886,-0.486948752,0.360864974,0.816,Fisher
887,0.144779878,0.805413743,0.408,Fisher
888,-0.329476968,0.512398829,0.766,Fisher
889,-0.499790451,0.324812381,0.83,Fisher
890,0.09862593,0.787589585,0.4,Fisher
891,-0.101932187,0.848804696,0.53,Fisher
892,-1.201334925,0.051267512,0.972,Fisher
893,1.030714657,0.066038589,0.03,Fisher
894,-0.589144571,0.272112869,0.87,Fisher
895,-0.568946545,0.309447475,0.834,Fisher
896,0.089520783,0.880429659,0.468,Fisher
897,0.679377672,0.234053739,0.136,Fisher
898,0.223617003,0.64520589,0.308,Fisher
899,0.552753612,0.324680437,0.18,Fisher
900,-0.708752091,0.164964271,0.904,Fisher
901,0.593112786,0.185151468,0.09,Fisher
902,-0.633762047,0.197544777,0.92,Fisher
903,0.552176722,0.287438312,0.182,Fisher
904,0.086873027,0.868453877,0.414,Fisher
905,-0.874283199,0.16404889,0.926,Fisher
906,0.87095967,0.079090982,0.04,Fisher
907,-0.17440607,0.748307206,0.622,Fisher
908,0.503016468,0.252133327,0.11,Fisher
909,-0.225850948,0.641168842,0.678,Fisher
910,-0.524008078,0.217437115,0.906,Fisher
911,0.246596615,0.642537461,0.292,Fisher
912,-0.521515262,0.308387777,0.812,Fisher
913,0.5816581,0.226813921,0.102,Fisher
914,-0.534004232,0.421303691,0.764,Fisher
915,-0.098268073,0.833178091,0.58,Fisher
916,0.940295669,0.115366822,0.062,Fisher
917,-0.840912823,0.063959797,0.962,Fisher
918,0.520887464,0.391978743,0.144,Fisher
919,-0.587304468,0.295334017,0.834,Fisher
920,-0.219836703,0.650778066,0.666,Fisher
921,0.161466797,0.690679842,0.348,Fisher
922,0.041879631,0.950071974,0.462,Fisher
923,0.060394023,0.934316657,0.446,Fisher
924,-0.092119926,0.822728427,0.59,Fisher
925,0.807827336,0.137751601,0.068,Fisher
926,0.113253373,0.802356515,0.406,Fisher
927,0.153166845,0.828580343,0.456,Fisher
928,-1.513887817,0.004783597,0.998,Fisher
929,0.536373459,0.328222674,0.144,Fisher
930,-0.559068864,0.340705254,0.81,Fisher
931,0.26316966,0.634162761,0.328,Fisher
932,0.976210053,0.030574065,0.008,Fisher
933,0.550394916,0.213321751,0.12,Fisher
934,0.440971266,0.350163099,0.15,Fisher
935,-0.210769309,0.680361077,0.644,Fisher
936,0.455887116,0.473314538,0.23,Fisher
937,0.49334017,0.452569915,0.232,Fisher
938,-0.109977826,0.756411723,0.62,Fisher
939,0.15764135,0.787554528,0.368,Fisher
940,-0.489855374,0.44279664,0.848,Fisher
941,-0.897863654,0.095620719,0.938,Fisher
942,0.480536575,0.362914246,0.152,Fisher
943,-0.267879853,0.591543889,0.702,Fisher
944,-0.126326232,0.755331313,0.598,Fisher
945,-0.644719511,0.215731317,0.878,Fisher
946,-0.29000337,0.585463789,0.71,Fisher
947,0.201513012,0.634227824,0.322,Fisher
948,0.384324146,0.386989124,0.224,Fisher
949,0.477662486,0.276812967,0.156,Fisher
950,1.041739086,0.027522225,0.018,Fisher
951,0.527021204,0.23721558,0.094,Fisher
952,0.486988058,0.258352405,0.168,Fisher
953,-0.13722055,0.778504664,0.594,Fisher
954,-0.253419957,0.618023324,0.73,Fisher
955,-0.697584569,0.137386375,0.942,Fisher
956,0.73056569,0.15269931,0.104,Fisher
957,-0.171415788,0.775304161,0.666,Fisher
958,0.356600435,0.386328838,0.21,Fisher
959,-1.263866325,0.023347073,0.992,Fisher
960,-0.364075729,0.498017992,0.756,Fisher
961,0.756150473,0.187434574,0.098,Fisher
962,-0.004407521,0.992462347,0.472,Fisher
963,0.637837111,0.34621368,0.154,Fisher
964,0.30519565,0.517154897,0.28,Fisher
965,-0.012696759,0.979822567,0.528,Fisher
966,-0.453287996,0.384007136,0.828,Fisher
967,1.281424885,0.011834548,0.002,Fisher
968,-0.131374835,0.801369857,0.58,Fisher
969,-0.037107368,0.935805055,0.552,Fisher
970,0.352934785,0.499328033,0.284,Fisher
971,0.201586839,0.660124194,0.384,Fisher
972,0.235057211,0.622846626,0.33,Fisher
973,-0.265195597,0.517494346,0.748,Fisher
974,-0.047713613,0.932499397,0.518,Fisher
975,-0.136108897,0.84767418,0.584,Fisher
976,0.049713526,0.926476677,0.442,Fisher
977,-1.03657931,0.045913469,0.982,Fisher
978,0.309537959,0.572339224,0.256,Fisher
979,0.149116181,0.790860276,0.41,Fisher
980,-1.064697222,0.092850214,0.932,Fisher
981,-0.038006933,0.915476642,0.528,Fisher
982,0.371624645,0.432006252,0.206,Fisher
983,-0.240652657,0.660533725,0.696,Fisher
984,-0.706666934,0.122893149,0.956,Fisher
985,0.674399231,0.174587508,0.112,Fisher
986,-0.925982728,0.112202971,0.952,Fisher
987,-0.357758905,0.529201954,0.726,Fisher
988,-0.297151979,0.56030431,0.722,Fisher
989,0.393421611,0.515801958,0.198,Fisher
990,0.703787827,0.236320305,0.138,Fisher
991,0.182808344,0.797060512,0.364,Fisher
992,-0.175475624,0.697601494,0.65,Fisher
993,0.103689148,0.851540743,0.398,Fisher
994,-1.280601238,0.008611124,0.996,Fisher
995,-0.021679044,0.973043963,0.496,Fisher
996,-0.120381084,0.801159446,0.562,Fisher
997,-0.434830355,0.464929147,0.798,Fisher
998,0.083998729,0.877056902,0.422,Fisher
999,-0.704920134,0.226284234,0.85,Fisher
0,2.134197572,0.153415842,0.124,Neyman
1,2.29991356,0.434813597,0.166,Neyman
2,-0.746476833,0.777664104,0.618,Neyman
3,3.295741571,0.313730304,0.146,Neyman
4,0.906195652,0.661374558,0.346,Neyman
5,-2.428405094,0.539895359,0.696,Neyman
6,3.587537254,0.072024524,0.012,Neyman
7,3.152169774,0.273651726,0.142,Neyman
8,-3.305876898,0.256231192,0.844,Neyman
9,-2.150822705,0.531078441,0.792,Neyman
10,-1.193582994,0.590945628,0.626,Neyman
11,1.42333858,0.508744534,0.282,Neyman
12,4.444583326,0.118907182,0.096,Neyman
13,-2.846448299,0.20794783,0.916,Neyman
14,0.572264865,0.83605811,0.422,Neyman
15,2.497960485,0.403255034,0.222,Neyman
16,3.229446004,0.145141054,0.152,Neyman
17,-3.811696663,0.317811977,0.902,Neyman
18,-2.59275806,0.198934847,0.892,Neyman
19,3.751324233,0.263091155,0.106,Neyman
20,6.163933194,0.039495029,0.018,Neyman
21,-0.048633128,0.98477713,0.488,Neyman
22,-1.618600888,0.524375629,0.728,Neyman
23,3.179542828,0.11514482,0.104,Neyman
24,1.02080821,0.600897597,0.33,Neyman
25,-3.872467985,0.298392697,0.952,Neyman
26,0.802410135,0.769577034,0.346,Neyman
27,0.301260477,0.873254699,0.464,Neyman
28,4.336276175,0.053024805,0.068,Neyman
29,0.726305927,0.712744665,0.402,Neyman
30,-1.310205246,0.581178216,0.724,Neyman
31,-1.383029289,0.69705544,0.696,Neyman
32,-2.271060233,0.335898594,0.752,Neyman
33,1.384704474,0.691060354,0.336,Neyman
34,1.634790376,0.537086986,0.27,Neyman
35,-1.273618411,0.719481696,0.662,Neyman
36,-2.154779575,0.452978198,0.794,Neyman
37,-4.08716484,0.132582323,0.934,Neyman
38,0.977471226,0.733533262,0.382,Neyman
39,-2.472465039,0.446507307,0.774,Neyman
40,-2.105472367,0.394114483,0.726,Neyman
41,-3.899287501,0.273364053,0.864,Neyman
42,-0.764917709,0.826484178,0.584,Neyman
43,-0.65327945,0.858470795,0.624,Neyman
44,-0.526390925,0.826107478,0.614,Neyman
45,-4.76701252,0.113391153,0.91,Neyman
46,1.538933641,0.577719863,0.336,Neyman
47,1.277500854,0.507569868,0.264,Neyman
48,-2.290896647,0.363632763,0.824,Neyman
49,5.402908717,0.098213857,0.012,Neyman
50,-1.721821258,0.423816527,0.832,Neyman
51,2.502433747,0.344352705,0.168,Neyman
52,-2.254294973,0.518228837,0.802,Neyman
53,0.238325901,0.916316675,0.44,Neyman
54,-1.930949366,0.544645309,0.792,Neyman
55,4.187441748,0.060369405,0.088,Neyman
56,-1.72513761,0.35357265,0.784,Neyman
57,-9.546370584,0.011348148,1,Neyman
58,0.268555842,0.92287943,0.458,Neyman
59,1.459629054,0.626504129,0.306,Neyman
60,-2.617549567,0.219055063,0.816,Neyman
61,-2.261128804,0.383251446,0.848,Neyman
62,2.5518453,0.322762324,0.154,Neyman
63,-3.210338033,0.463401883,0.818,Neyman
64,5.560323775,0.053082031,0.044,Neyman
65,1.555634704,0.651070923,0.274,Neyman
66,-2.511536561,0.324099161,0.836,Neyman
67,-0.450972214,0.876690347,0.574,Neyman
68,-4.284716869,0.108244904,0.91,Neyman
69,-0.305145457,0.907660781,0.56,Neyman
70,-0.300128519,0.946163315,0.514,Neyman
71,3.928070169,0.096986303,0.048,Neyman
72,0.795377705,0.675382046,0.348,Neyman
73,0.230485238,0.93334369,0.48,Neyman
74,-1.056030461,0.670780796,0.648,Neyman
75,-2.259960525,0.429368859,0.708,Neyman
76,-1.966257177,0.42041219,0.746,Neyman
77,-0.921971107,0.750702966,0.602,Neyman
78,1.376837766,0.55838763,0.348,Neyman
79,2.202010868,0.378714653,0.278,Neyman
80,4.915688788,0.095843724,0.058,Neyman
81,0.903895071,0.776367154,0.42,Neyman
82,1.553860383,0.561946064,0.334,Neyman
83,-0.750719506,0.759989812,0.634,Neyman
84,0.757441289,0.713370099,0.34,Neyman
85,-0.73729578,0.731141369,0.592,Neyman
86,3.217905691,0.191265287,0.09,Neyman
87,-1.597898099,0.453290125,0.694,Neyman
88,-1.984737573,0.481656326,0.762,Neyman
89,-4.718849941,0.077109518,0.97,Neyman
90,1.542687505,0.583146121,0.27,Neyman
91,1.351915157,0.511717685,0.228,Neyman
92,-2.03318833,0.389621985,0.806,Neyman
93,1.501186742,0.530326319,0.272,Neyman
94,-2.599142358,0.378536885,0.848,Neyman
95,-2.436069643,0.351152237,0.742,Neyman
96,0.317034727,0.851041526,0.414,Neyman
97,-1.288414749,0.519647194,0.714,Neyman
98,-3.730705672,0.074763739,0.908,Neyman
99,0.474759385,0.831402029,0.414,Neyman
100,-0.709040221,0.866336387,0.566,Neyman
101,0.715812649,0.824668634,0.396,Neyman
102,2.286080599,0.507707646,0.278,Neyman
103,-1.240058742,0.647434968,0.708,Neyman
104,-0.387741611,0.870700271,0.602,Neyman
105,1.968245395,0.49725715,0.246,Neyman
106,-4.20309025,0.204518993,0.944,Neyman
107,2.258129367,0.433147352,0.278,Neyman
108,-0.555400649,0.805394742,0.586,Neyman
109,0.084973582,0.971928375,0.494,Neyman
110,-0.310497249,0.899717453,0.538,Neyman
111,2.220209432,0.399429545,0.212,Neyman
112,-3.28162588,0.202244621,0.878,Neyman
113,-0.271473973,0.907880838,0.552,Neyman
114,-1.58899638,0.622941226,0.65,Neyman
115,-3.009462294,0.370039369,0.826,Neyman
116,-1.160124715,0.604955503,0.704,Neyman
117,-0.407195704,0.879849471,0.578,Neyman
118,5.616160979,0.084097349,0.01,Neyman
119,-0.81539353,0.814564591,0.58,Neyman
120,-1.599147883,0.553743157,0.692,Neyman
121,2.715759145,0.281131093,0.13,Neyman
122,-2.74364127,0.314899925,0.862,Neyman
123,0.619192764,0.856061672,0.418,Neyman
124,-4.571015367,0.022769115,0.988,Neyman
125,-1.270438771,0.530545862,0.762,Neyman
126,-3.258277593,0.343232944,0.816,Neyman
127,-3.559969945,0.129779745,0.942,Neyman
128,-3.422135551,0.128344652,0.928,Neyman
129,0.500009114,0.777955154,0.434,Neyman
130,-2.01095532,0.329632163,0.786,Neyman
131,0.201920315,0.928862662,0.504,Neyman
132,-0.676187969,0.693655822,0.606,Neyman
133,2.27177593,0.428620675,0.194,Neyman
134,-2.750621716,0.240461455,0.852,Neyman
135,0.510542362,0.801366752,0.412,Neyman
136,-2.382374417,0.299533531,0.804,Neyman
137,0.606753443,0.776877751,0.376,Neyman
138,1.870003237,0.410088413,0.226,Neyman
139,-1.498171239,0.437665688,0.75,Neyman
140,-0.667018764,0.825568316,0.598,Neyman
141,3.070006965,0.315810615,0.18,Neyman
142,3.335351274,0.254874692,0.148,Neyman
143,-2.85910561,0.265708166,0.88,Neyman
144,3.015476472,0.175427601,0.132,Neyman
145,0.877954393,0.814226245,0.406,Neyman
146,-3.949564809,0.214959351,0.916,Neyman
147,-1.722279214,0.438587893,0.788,Neyman
148,0.953045587,0.768883826,0.418,Neyman
149,-4.125457239,0.126774893,0.884,Neyman
150,-0.518025258,0.833714007,0.564,Neyman
151,1.409731493,0.699133667,0.31,Neyman
152,1.773938554,0.522270153,0.332,Neyman
153,-2.91621423,0.218227462,0.812,Neyman
154,-3.20719102,0.124006555,0.924,Neyman
155,1.59390173,0.644984751,0.304,Neyman
156,-0.543764068,0.809313933,0.592,Neyman
157,-0.138240146,0.965439504,0.516,Neyman
158,-4.39232339,0.032077237,0.994,Neyman
159,-0.900717764,0.717920019,0.612,Neyman
160,3.576690284,0.164672677,0.124,Neyman
161,0.960739076,0.680895423,0.302,Neyman
162,-2.10009148,0.391973752,0.826,Neyman
163,0.656412655,0.813412431,0.404,Neyman
164,3.34716266,0.207836625,0.1,Neyman
165,2.49687776,0.356225876,0.21,Neyman
166,3.309917488,0.313354904,0.144,Neyman
167,-0.069223611,0.979315391,0.49,Neyman
168,2.930821697,0.276254652,0.112,Neyman
169,-1.134248216,0.743050312,0.63,Neyman
170,0.773692974,0.803530902,0.384,Neyman
171,-0.745427998,0.766592711,0.62,Neyman
172,-2.04606484,0.503609615,0.75,Neyman
173,3.063404801,0.34618645,0.06,Neyman
174,-0.861181848,0.690330271,0.672,Neyman
175,0.847549587,0.751127628,0.382,Neyman
176,-4.885659343,0.041647419,0.998,Neyman
177,2.017916159,0.554657437,0.316,Neyman
178,1.596262059,0.534491529,0.284,Neyman
179,2.527652765,0.329502514,0.116,Neyman
180,0.987756124,0.765631839,0.414,Neyman
181,-1.347044439,0.537648785,0.676,Neyman
182,1.422846605,0.546218752,0.35,Neyman
183,-1.910978663,0.420147966,0.776,Neyman
184,1.955403211,0.503999141,0.25,Neyman
185,0.291227526,0.912055779,0.468,Neyman
186,0.708493592,0.846251578,0.42,Neyman
187,-6.854812063,0.002836838,1,Neyman
188,-3.694405827,0.291182853,0.886,Neyman
189,-5.354128609,0.123029864,0.97,Neyman
190,-4.449208972,0.279200065,0.962,Neyman
191,0.885021246,0.824286865,0.402,Neyman
192,-0.48853089,0.912978598,0.562,Neyman
193,1.046613656,0.736352483,0.388,Neyman
194,3.102922435,0.185351854,0.088,Neyman
195,-0.847937731,0.711680226,0.596,Neyman
196,-3.274484623,0.290507086,0.932,Neyman
197,-0.105036527,0.967155341,0.508,Neyman
198,1.661918132,0.600203216,0.334,Neyman
199,-1.018424581,0.638887102,0.642,Neyman
200,-7.069754721,0.043252788,0.996,Neyman
201,1.06632225,0.684812406,0.286,Neyman
202,2.985754282,0.266752342,0.12,Neyman
203,4.719953039,0.060939563,0.012,Neyman
204,1.769653078,0.609462212,0.258,Neyman
205,1.015170973,0.697307179,0.314,Neyman
206,0.688134847,0.752197688,0.36,Neyman
207,5.588154203,0.0088649,0.004,Neyman
208,-3.348704116,0.177152505,0.904,Neyman
209,2.129252015,0.366428792,0.166,Neyman
210,-0.817954898,0.829562903,0.604,Neyman
211,-0.660283559,0.803503552,0.598,Neyman
212,-2.564425231,0.223103546,0.894,Neyman
213,-0.41163398,0.884616034,0.592,Neyman
214,2.961024508,0.221884917,0.082,Neyman
215,1.782826397,0.535197595,0.268,Neyman
216,-2.472464009,0.487547359,0.768,Neyman
217,4.214599381,0.146651338,0.04,Neyman
218,-1.601103882,0.405126388,0.77,Neyman
219,0.465636578,0.882053177,0.458,Neyman
220,0.106383362,0.951259368,0.498,Neyman
221,1.477905544,0.601429123,0.288,Neyman
222,0.543452738,0.858630604,0.422,Neyman
223,-0.712700507,0.800385054,0.624,Neyman
224,-4.684310792,0.011093196,0.984,Neyman
225,0.007222773,0.997865487,0.514,Neyman
226,-3.817958871,0.351526748,0.942,Neyman
227,-2.650035886,0.452440102,0.736,Neyman
228,-3.939334372,0.178323423,0.958,Neyman
229,0.309479483,0.914651114,0.47,Neyman
230,3.004118431,0.330829772,0.16,Neyman
231,0.478877682,0.850368708,0.41,Neyman
232,-5.247598232,0.084240952,0.958,Neyman
233,1.099089128,0.782235589,0.386,Neyman
234,-4.942522646,0.06071639,0.96,Neyman
235,-2.579044861,0.574666317,0.75,Neyman
236,-0.103424934,0.971316518,0.51,Neyman
237,-2.635074921,0.324571866,0.808,Neyman
238,-1.16271564,0.526748668,0.714,Neyman
239,2.476066251,0.190397128,0.118,Neyman
240,2.952788502,0.108532298,0.062,Neyman
241,-0.193586897,0.946084435,0.55,Neyman
242,-2.147749396,0.445704911,0.794,Neyman
243,1.006617199,0.689621263,0.358,Neyman
244,2.873644318,0.377378358,0.122,Neyman
245,1.197809198,0.549139596,0.344,Neyman
246,2.269685915,0.600122869,0.232,Neyman
247,-0.477534275,0.837591688,0.606,Neyman
248,3.402459163,0.118651503,0.05,Neyman
249,1.792534681,0.332311924,0.208,Neyman
250,2.815197475,0.298002017,0.17,Neyman
251,1.353243114,0.351813775,0.166,Neyman
252,-0.140997626,0.968638745,0.54,Neyman
253,-1.19154307,0.628320193,0.734,Neyman
254,-0.242340741,0.92600944,0.562,Neyman
255,1.20796135,0.573459258,0.342,Neyman
256,-4.371275026,0.221045699,0.868,Neyman
257,3.245570134,0.213746834,0.152,Neyman
258,-1.366393424,0.69873842,0.642,Neyman
259,-1.418218893,0.582967371,0.798,Neyman
260,-0.528844031,0.816564303,0.55,Neyman
261,1.156334966,0.604874969,0.33,Neyman
262,-2.355574383,0.379291941,0.892,Neyman
263,3.316047483,0.238304785,0.146,Neyman
264,-1.847803912,0.486960483,0.784,Neyman
265,1.985565417,0.421777009,0.166,Neyman
266,1.121613087,0.780494283,0.406,Neyman
267,4.36876322,0.03629126,0.014,Neyman
268,3.127001332,0.30892801,0.118,Neyman
269,-1.358019684,0.552200771,0.766,Neyman
270,-0.965021691,0.702206004,0.614,Neyman
271,3.012165831,0.33311605,0.118,Neyman
272,-0.048837068,0.985036851,0.546,Neyman
273,2.681926132,0.244246274,0.212,Neyman
274,1.695593189,0.572797359,0.308,Neyman
275,2.945460942,0.315964677,0.074,Neyman
276,0.193259175,0.948289924,0.484,Neyman
277,-0.136923313,0.947897614,0.52,Neyman
278,-2.528801059,0.344195357,0.84,Neyman
279,0.586904185,0.846629498,0.386,Neyman
280,0.771346623,0.805173495,0.406,Neyman
281,-0.296344863,0.921096949,0.574,Neyman
282,0.054098298,0.986799098,0.518,Neyman
283,2.554607757,0.391606269,0.198,Neyman
284,0.965867349,0.778042654,0.316,Neyman
285,-3.517952764,0.024956626,0.986,Neyman
286,-3.481309067,0.144197454,0.942,Neyman
287,-1.445187228,0.551307798,0.658,Neyman
288,2.24186248,0.258093651,0.148,Neyman
289,-1.30801216,0.508868542,0.692,Neyman
290,1.805292361,0.594219622,0.28,Neyman
291,-0.273229618,0.914086832,0.56,Neyman
292,1.277979899,0.545093332,0.152,Neyman
293,5.485509368,0.111698494,0.032,Neyman
294,1.391842759,0.649190734,0.336,Neyman
295,2.392714937,0.50524583,0.26,Neyman
296,-3.430520436,0.155006459,0.938,Neyman
297,-0.567710219,0.798682233,0.6,Neyman
298,-1.482321316,0.550560687,0.766,Neyman
299,-3.9401561,0.304254338,0.92,Neyman
300,5.731254769,0.037500065,0.002,Neyman
301,6.490881439,0.011121507,0.008,Neyman
302,3.640602673,0.061533239,0.012,Neyman
303,2.125916157,0.464789585,0.25,Neyman
304,-5.501507781,0.003414292,1,Neyman
305,1.319383733,0.681801947,0.306,Neyman
306,-0.849298486,0.792840083,0.564,Neyman
307,-1.52751122,0.567173555,0.666,Neyman
308,1.920675959,0.345077748,0.136,Neyman
309,4.306762418,0.242496552,0.094,Neyman
310,-2.143162578,0.409107336,0.746,Neyman
311,-1.450195422,0.618857037,0.678,Neyman
312,0.936734623,0.684488923,0.336,Neyman
313,-2.783229053,0.134363757,0.862,Neyman
314,2.696732776,0.382219913,0.238,Neyman
315,5.129377364,0.092413613,0.116,Neyman
316,-3.045439105,0.143870836,0.892,Neyman
317,0.773678472,0.694437979,0.342,Neyman
318,0.777279739,0.785539326,0.42,Neyman
319,4.63159818,0.040217625,0.01,Neyman
320,-1.999930717,0.508518087,0.742,Neyman
321,1.441583074,0.517929235,0.254,Neyman
322,-2.023199013,0.379615141,0.854,Neyman
323,-3.495078209,0.189063004,0.9,Neyman
324,-0.501401548,0.814960408,0.544,Neyman
325,-0.693956826,0.791105645,0.612,Neyman
326,2.729019039,0.369208621,0.104,Neyman
327,2.524384275,0.384585038,0.184,Neyman
328,-0.038766731,0.984631687,0.45,Neyman
329,-1.768469758,0.558711586,0.774,Neyman
330,2.486267121,0.212888646,0.172,Neyman
331,3.28490045,0.164924466,0.042,Neyman
332,-0.550960731,0.773612907,0.576,Neyman
333,-1.750987298,0.466506773,0.842,Neyman
334,-5.20116651,0.029428075,1,Neyman
335,-1.706122577,0.581230661,0.734,Neyman
336,-2.859106835,0.397144632,0.828,Neyman
337,-2.603111814,0.392087769,0.892,Neyman
338,1.720788697,0.605477292,0.262,Neyman
339,4.251823307,0.13638152,0.054,Neyman
340,5.013737273,0.023293855,0,Neyman
341,1.304392866,0.526814593,0.232,Neyman
342,-7.177948521,0.004191396,1,Neyman
343,-0.124976093,0.955964759,0.556,Neyman
344,0.302805949,0.920524754,0.444,Neyman
345,1.773088462,0.484469398,0.224,Neyman
346,1.96488188,0.395137099,0.27,Neyman
347,0.133857792,0.961248074,0.448,Neyman
348,3.637022447,0.297669973,0.094,Neyman
349,0.773218861,0.723516666,0.38,Neyman
350,2.68430422,0.217050126,0.058,Neyman
351,-2.125776705,0.450851809,0.716,Neyman
352,-0.42927729,0.88922816,0.54,Neyman
353,-0.309823215,0.919836531,0.54,Neyman
354,-1.056642268,0.736986058,0.656,Neyman
355,3.925379791,0.12717863,0.074,Neyman
356,-3.737186472,0.299972073,0.892,Neyman
357,1.145561618,0.61482584,0.336,Neyman
358,1.278286427,0.650579309,0.334,Neyman
359,2.421352388,0.307687631,0.142,Neyman
360,-2.860665552,0.386991278,0.86,Neyman
361,2.223300262,0.557879645,0.208,Neyman
362,-1.030507955,0.737167258,0.648,Neyman
363,1.888839413,0.580994207,0.242,Neyman
364,-2.469103655,0.277162819,0.824,Neyman
365,-0.534822154,0.86313364,0.53,Neyman
366,-1.085143392,0.550298821,0.772,Neyman
367,4.826943681,0.09515927,0.012,Neyman
368,2.087773375,0.373432565,0.172,Neyman
369,-0.726055405,0.780501712,0.626,Neyman
370,-0.024541204,0.990392972,0.548,Neyman
371,3.04448191,0.23221421,0.14,Neyman
372,1.59596007,0.45160338,0.244,Neyman
373,2.81432281,0.194196804,0.088,Neyman
374,-0.490725555,0.860908663,0.556,Neyman
375,1.067420182,0.685710905,0.386,Neyman
376,-5.447750852,0.004747153,1,Neyman
377,0.300593581,0.88622754,0.422,Neyman
378,-0.089826772,0.973905899,0.54,Neyman
379,2.125678543,0.560292782,0.236,Neyman
380,1.516007764,0.595337731,0.382,Neyman
381,-1.334760873,0.641815168,0.684,Neyman
382,-1.116307206,0.691299701,0.708,Neyman
383,-1.413086096,0.578692514,0.716,Neyman
384,-0.474339898,0.879084318,0.562,Neyman
385,1.217366889,0.582802908,0.318,Neyman
386,-2.671396104,0.486937269,0.736,Neyman
387,-0.28212602,0.928670458,0.516,Neyman
388,2.819155933,0.316503102,0.164,Neyman
389,1.370170939,0.480475759,0.336,Neyman
390,-0.369573688,0.915022087,0.536,Neyman
391,0.938595702,0.629519608,0.318,Neyman
392,1.260086661,0.604653579,0.308,Neyman
393,2.290047196,0.38116085,0.182,Neyman
394,-0.532403738,0.76403805,0.624,Neyman
395,5.326185556,0.0513643,0.002,Neyman
396,-1.1485393,0.549695367,0.632,Neyman
397,0.182669023,0.952514015,0.498,Neyman
398,-2.402096515,0.624400317,0.782,Neyman
399,-1.950216303,0.56600041,0.8,Neyman
400,-4.338504701,0.089465454,0.982,Neyman
401,3.976950853,0.076183715,0.124,Neyman
402,6.24525144,0.135524088,0.028,Neyman
403,0.862118833,0.711038099,0.392,Neyman
404,-0.559332082,0.84943472,0.568,Neyman
405,0.199166642,0.950484474,0.49,Neyman
406,0.117224178,0.976165329,0.496,Neyman
407,-1.177042962,0.614343009,0.728,Neyman
408,1.897023144,0.536174936,0.262,Neyman
409,-1.144180011,0.812682112,0.6,Neyman
410,7.576168353,0.04742536,0.004,Neyman
411,3.401528333,0.101411527,0.048,Neyman
412,1.134355611,0.634120475,0.33,Neyman
413,-1.451497229,0.653105912,0.73,Neyman
414,4.009674206,0.127617297,0.042,Neyman
415,1.652388362,0.63488549,0.312,Neyman
416,-3.646859839,0.101156058,0.89,Neyman
417,0.483317486,0.856050579,0.456,Neyman
418,1.460120221,0.648873271,0.336,Neyman
419,0.985545074,0.765362296,0.338,Neyman
420,1.915020676,0.351954062,0.194,Neyman
421,-1.073369321,0.688667623,0.706,Neyman
422,0.287039593,0.877964352,0.428,Neyman
423,2.950169456,0.285795198,0.078,Neyman
424,3.380324034,0.26135516,0.096,Neyman
425,-2.632005951,0.483726931,0.742,Neyman
426,2.737294286,0.270456226,0.158,Neyman
427,-0.253998008,0.916910847,0.536,Neyman
428,-0.824198034,0.672137717,0.72,Neyman
429,-2.352059322,0.356101983,0.784,Neyman
430,2.502186965,0.291172149,0.242,Neyman
431,3.159424437,0.301193746,0.174,Neyman
432,-3.038800105,0.255633094,0.856,Neyman
433,0.224098811,0.936451301,0.452,Neyman
434,5.382609514,0.147824248,0.072,Neyman
435,-0.239303106,0.922579602,0.52,Neyman
436,2.215692391,0.438878392,0.182,Neyman
437,-3.598744037,0.191816793,0.95,Neyman
438,3.503522872,0.155557664,0.126,Neyman
439,-1.584081822,0.602279833,0.716,Neyman
440,-1.922983335,0.529671845,0.814,Neyman
441,-0.57020703,0.815081906,0.612,Neyman
442,-1.308745462,0.577495334,0.738,Neyman
443,-0.250925089,0.920635076,0.522,Neyman
444,2.685024217,0.473776938,0.194,Neyman
445,-1.374702404,0.573539782,0.69,Neyman
446,-1.071681549,0.698534429,0.646,Neyman
447,0.608119748,0.844052089,0.402,Neyman
448,1.949553981,0.235630248,0.17,Neyman
449,-4.579968572,0.063020134,0.994,Neyman
450,-2.151599276,0.419461564,0.796,Neyman
451,4.150410123,0.30378654,0.104,Neyman
452,1.152587376,0.658578357,0.34,Neyman
453,-2.809276727,0.283466386,0.894,Neyman
454,1.617170553,0.473624066,0.314,Neyman
455,-3.469515078,0.274403733,0.87,Neyman
456,-1.728034521,0.410040075,0.736,Neyman
457,-3.579026343,0.089361373,0.9,Neyman
458,-2.263391196,0.405200658,0.782,Neyman
459,-7.102750169,0.049998406,0.978,Neyman
460,4.405086792,0.112807113,0.074,Neyman
461,-0.533511464,0.866121312,0.598,Neyman
462,-2.383821876,0.074755209,0.938,Neyman
463,0.782534533,0.765041112,0.36,Neyman
464,0.489017839,0.882980198,0.412,Neyman
465,-3.693210311,0.332543109,0.816,Neyman
466,0.051487491,0.989985378,0.478,Neyman
467,-2.128047976,0.456425256,0.764,Neyman
468,-2.696233694,0.332727829,0.902,Neyman
469,-0.468648949,0.853803507,0.556,Neyman
470,-1.38998597,0.515018039,0.744,Neyman
471,-5.223090304,0.040665508,0.998,Neyman
472,5.599063347,0.209430477,0.03,Neyman
473,-0.47366909,0.829801448,0.514,Neyman
474,-2.303225472,0.369184796,0.852,Neyman
475,-3.380332111,0.063386411,0.934,Neyman
476,4.190748057,0.112549743,0.098,Neyman
477,2.27708574,0.282617543,0.182,Neyman
478,0.3665559,0.835422552,0.4,Neyman
479,-3.140498183,0.244831731,0.97,Neyman
480,-3.520161255,0.24895792,0.86,Neyman
481,-0.63871398,0.839410045,0.578,Neyman
482,4.054962102,0.080305281,0.016,Neyman
483,-1.3413868,0.701588966,0.696,Neyman
484,1.08636038,0.692561799,0.392,Neyman
485,2.482733945,0.213849568,0.09,Neyman
486,1.039766835,0.740224724,0.414,Neyman
487,-0.84894841,0.70712508,0.668,Neyman
488,2.179157445,0.347869497,0.196,Neyman
489,-0.054647697,0.985492198,0.518,Neyman
490,3.451087943,0.182544888,0.09,Neyman
491,-1.083196399,0.565608172,0.726,Neyman
492,0.231446872,0.946813461,0.46,Neyman
493,4.435692482,0.073053599,0.058,Neyman
494,1.073764229,0.782242249,0.37,Neyman
495,-0.433384279,0.849691004,0.582,Neyman
496,-0.556995947,0.825081664,0.528,Neyman
497,-5.590300121,0.040062835,0.994,Neyman
498,-2.805771419,0.206701865,0.908,Neyman
499,1.774582221,0.430642355,0.228,Neyman
500,-2.435575979,0.193158023,0.91,Neyman
501,1.548485246,0.521062803,0.32,Neyman
502,-7.369375805,0.007431749,1,Neyman
503,0.199305677,0.956071195,0.468,Neyman
504,-1.713111421,0.47771487,0.708,Neyman
505,-2.722930193,0.334653172,0.85,Neyman
506,-1.030225787,0.688677405,0.646,Neyman
507,-1.745854236,0.368887834,0.77,Neyman
508,-0.145407512,0.965898087,0.522,Neyman
509,-0.128332301,0.938545528,0.484,Neyman
510,-1.54622487,0.456908709,0.782,Neyman
511,0.926514636,0.770560777,0.43,Neyman
512,-5.767913704,0.01351557,0.99,Neyman
513,1.51250189,0.626519519,0.33,Neyman
514,1.396945748,0.515882922,0.294,Neyman
515,5.42030578,0.072155168,0.002,Neyman
516,1.34325663,0.557373942,0.308,Neyman
517,0.669904959,0.843534019,0.374,Neyman
518,-2.752434709,0.282192653,0.89,Neyman
519,6.08540987,0.006289148,0.004,Neyman
520,-1.253130107,0.469535112,0.762,Neyman
521,-0.603267633,0.76330436,0.602,Neyman
522,1.50150865,0.561707848,0.292,Neyman
523,1.548841308,0.567229791,0.298,Neyman
524,1.249753424,0.677139679,0.306,Neyman
525,4.254669067,0.253431344,0.148,Neyman
526,-2.456654977,0.319835376,0.84,Neyman
527,-4.172929708,0.039670057,0.984,Neyman
528,-0.137346649,0.959364564,0.51,Neyman
529,-3.084388412,0.464860393,0.754,Neyman
530,0.782836863,0.770260968,0.366,Neyman
531,-0.086862905,0.974302705,0.502,Neyman
532,1.09836922,0.727913474,0.328,Neyman
533,-2.05663678,0.473057475,0.738,Neyman
534,2.096639864,0.64350459,0.272,Neyman
535,-0.394418,0.899072137,0.532,Neyman
536,0.448353675,0.888950249,0.472,Neyman
537,3.327323165,0.277399056,0.16,Neyman
538,3.493999516,0.263588181,0.112,Neyman
539,0.921385905,0.799030906,0.388,Neyman
540,5.793977014,0.026440083,0.026,Neyman
541,1.188435941,0.711400678,0.362,Neyman
542,-1.800602563,0.387385864,0.734,Neyman
543,-0.587394017,0.847891132,0.598,Neyman
544,2.670836956,0.344997775,0.192,Neyman
545,-0.921924884,0.725362128,0.558,Neyman
546,-1.365354911,0.615415315,0.71,Neyman
547,-5.414870004,0.016622896,1,Neyman
548,-1.279408736,0.624031864,0.668,Neyman
549,0.057418989,0.981673739,0.454,Neyman
550,0.207091791,0.930665294,0.47,Neyman
551,1.118838601,0.589146009,0.396,Neyman
552,0.370271762,0.870432135,0.422,Neyman
553,-5.366609093,0.048076349,0.97,Neyman
554,0.226113883,0.940498411,0.458,Neyman
555,-1.747113502,0.407071156,0.772,Neyman
556,3.339698028,0.13497617,0.136,Neyman
557,2.000732559,0.444280528,0.212,Neyman
558,-0.319489158,0.917758176,0.574,Neyman
559,6.666425309,0.031957861,0,Neyman
560,2.95986138,0.285209645,0.106,Neyman
561,2.945679845,0.273553166,0.106,Neyman
562,2.3789905,0.411876311,0.148,Neyman
563,1.313190437,0.571423914,0.352,Neyman
564,2.055555431,0.373570726,0.254,Neyman
565,4.182221912,0.102036833,0.078,Neyman
566,2.143884042,0.322654712,0.196,Neyman
567,1.17323036,0.701912892,0.36,Neyman
568,7.002512741,0.020093941,0.004,Neyman
569,-4.148387393,0.197676809,0.836,Neyman
570,-2.978253955,0.329871491,0.852,Neyman
571,-3.599109404,0.211286055,0.922,Neyman
572,-0.93100714,0.728872637,0.628,Neyman
573,3.336280346,0.258046656,0.032,Neyman
574,-2.152344111,0.497583117,0.762,Neyman
575,1.131851765,0.765223108,0.364,Neyman
576,-5.386169651,0.055357611,0.982,Neyman
577,1.348764721,0.667672078,0.336,Neyman
578,2.363622606,0.407720464,0.138,Neyman
579,-1.867951834,0.589574188,0.738,Neyman
580,-5.008063194,0.085033062,0.934,Neyman
581,2.726037121,0.215816457,0.046,Neyman
582,0.312681588,0.912325699,0.44,Neyman
583,1.750697999,0.415873717,0.202,Neyman
584,-0.954263315,0.726474674,0.646,Neyman
585,2.287112386,0.30272947,0.116,Neyman
586,-2.578849741,0.342204789,0.782,Neyman
587,-0.757827492,0.762309918,0.62,Neyman
588,0.842714619,0.81352566,0.398,Neyman
589,4.360545744,0.009421574,0.002,Neyman
590,2.191181464,0.437049273,0.146,Neyman
591,-3.445056653,0.177105373,0.914,Neyman
592,-1.616940541,0.654834338,0.682,Neyman
593,2.524349425,0.30429519,0.212,Neyman
594,0.059071445,0.978440541,0.498,Neyman
595,3.849668058,0.129743255,0.064,Neyman
596,-0.069211978,0.973272752,0.532,Neyman
597,-0.056331877,0.98565776,0.492,Neyman
598,2.216838548,0.378644574,0.23,Neyman
599,-4.111799008,0.021598381,0.988,Neyman
600,-3.641870249,0.206706352,0.86,Neyman
601,-0.773485489,0.663650535,0.668,Neyman
602,-0.997746873,0.679891431,0.644,Neyman
603,2.134672829,0.394592828,0.192,Neyman
604,2.170704164,0.434792182,0.212,Neyman
605,0.176129444,0.957524445,0.462,Neyman
606,1.775588025,0.443407582,0.258,Neyman
607,-0.734083578,0.791932577,0.604,Neyman
608,3.975188055,0.228118628,0.048,Neyman
609,4.049802277,0.28141872,0.1,Neyman
610,2.200301476,0.550832029,0.262,Neyman
611,4.135534582,0.167364318,0.064,Neyman
612,0.662969512,0.705544901,0.366,Neyman
613,-0.573091205,0.774546024,0.616,Neyman
614,-0.708224007,0.826146276,0.596,Neyman
615,6.508000379,0.058106178,0.004,Neyman
616,3.283718179,0.127902523,0.016,Neyman
617,-3.086999174,0.046456041,0.934,Neyman
618,-0.541976869,0.783822385,0.584,Neyman
619,7.186375684,0.090609645,0.006,Neyman
620,-2.1849152,0.530293667,0.812,Neyman
621,-3.107865169,0.384535573,0.792,Neyman
622,0.406359892,0.891179177,0.434,Neyman
623,-2.138697602,0.410942379,0.786,Neyman
624,-1.673441719,0.54708888,0.758,Neyman
625,2.367343333,0.439343474,0.188,Neyman
626,-2.867538159,0.301802979,0.87,Neyman
627,-4.976054282,0.052062306,0.998,Neyman
628,3.622587259,0.201271837,0.082,Neyman
629,0.497102036,0.858213723,0.416,Neyman
630,-1.883714999,0.38640149,0.744,Neyman
631,-4.741944965,0.025177662,0.984,Neyman
632,-2.343736149,0.427204525,0.78,Neyman
633,-0.961438174,0.667487905,0.6,Neyman
634,0.3190335,0.892607233,0.496,Neyman
635,-2.539881712,0.161464708,0.804,Neyman
636,2.764101312,0.230843281,0.13,Neyman
637,2.707148728,0.210761925,0.132,Neyman
638,-4.338825777,0.083858993,0.98,Neyman
639,-0.891087714,0.66897944,0.676,Neyman
640,1.41333126,0.581155242,0.228,Neyman
641,-0.333229278,0.907666282,0.506,Neyman
642,-1.370450177,0.498935686,0.764,Neyman
643,-1.184897418,0.579865754,0.706,Neyman
644,0.209645604,0.925615347,0.468,Neyman
645,1.671763995,0.496253883,0.312,Neyman
646,-1.934706694,0.452084822,0.75,Neyman
647,1.780660611,0.460539228,0.216,Neyman
648,2.127112662,0.460659765,0.224,Neyman
649,3.082140343,0.189553657,0.136,Neyman
650,-2.469424137,0.26785511,0.688,Neyman
651,-1.875633022,0.36791625,0.824,Neyman
652,-2.212831058,0.431885355,0.786,Neyman
653,-1.583995315,0.302772107,0.828,Neyman
654,0.303848864,0.893850921,0.46,Neyman
655,0.495870414,0.844579181,0.434,Neyman
656,1.761618933,0.448654155,0.244,Neyman
657,0.76757794,0.75101156,0.348,Neyman
658,-4.342138109,0.064992173,0.972,Neyman
659,-0.498973757,0.827498261,0.588,Neyman
660,3.135573174,0.151003035,0.114,Neyman
661,-1.896125923,0.42605977,0.86,Neyman
662,0.4206371,0.829754743,0.414,Neyman
663,0.119317146,0.936269808,0.482,Neyman
664,4.882467121,0.063147108,0.026,Neyman
665,1.931533395,0.49267946,0.256,Neyman
666,0.154531636,0.946638795,0.46,Neyman
667,-0.709511563,0.788870798,0.656,Neyman
668,0.490469114,0.858550223,0.432,Neyman
669,4.587117738,0.081595682,0.04,Neyman
670,-2.834299899,0.438643512,0.76,Neyman
671,2.203776693,0.210049175,0.104,Neyman
672,-3.468489303,0.028404997,0.97,Neyman
673,0.892878519,0.637774844,0.402,Neyman
674,1.034112357,0.811312473,0.362,Neyman
675,0.975077417,0.725978864,0.374,Neyman
676,-0.167073574,0.969741278,0.526,Neyman
677,-3.201676491,0.134622723,0.834,Neyman
678,-2.542925382,0.380113621,0.83,Neyman
679,2.069746337,0.520602991,0.202,Neyman
680,1.617982013,0.327829487,0.262,Neyman
681,-2.028523754,0.260864769,0.842,Neyman
682,0.70730573,0.801343951,0.42,Neyman
683,3.724153508,0.170489041,0.118,Neyman
684,1.278887714,0.509395404,0.278,Neyman
685,-0.797376085,0.712471843,0.662,Neyman
686,-0.712575608,0.808675389,0.598,Neyman
687,4.246339635,0.039972267,0.026,Neyman
688,0.483822186,0.84485133,0.416,Neyman
689,-2.719559501,0.316006917,0.78,Neyman
690,-0.603938929,0.857872881,0.58,Neyman
691,-3.06560832,0.082911454,0.95,Neyman
692,2.815916249,0.237090433,0.152,Neyman
693,0.973571396,0.632464541,0.362,Neyman
694,2.584883642,0.314301973,0.152,Neyman
695,-2.600897205,0.37756216,0.892,Neyman
696,-1.564897993,0.472308564,0.722,Neyman
697,-2.415967123,0.222919343,0.906,Neyman
698,-0.187901315,0.951436586,0.526,Neyman
699,0.229142914,0.953448942,0.48,Neyman
700,0.929558057,0.654727491,0.36,Neyman
701,1.326831298,0.750882837,0.338,Neyman
702,0.693318056,0.702189966,0.428,Neyman
703,-2.135341874,0.298732977,0.826,Neyman
704,0.647824804,0.770215144,0.38,Neyman
705,-1.393991064,0.604628721,0.704,Neyman
706,-7.666261677,0.023345086,1,Neyman
707,0.291333509,0.912392372,0.408,Neyman
708,-0.145874853,0.956628936,0.518,Neyman
709,0.864110287,0.699800222,0.352,Neyman
710,2.437866056,0.342980038,0.222,Neyman
711,-0.651000808,0.785940402,0.592,Neyman
712,-1.108140413,0.589506209,0.712,Neyman
713,2.096127916,0.42478445,0.134,Neyman
714,-2.079183493,0.391165647,0.78,Neyman
715,0.398339424,0.877868634,0.468,Neyman
716,-1.418037246,0.536435391,0.69,Neyman
717,1.946127588,0.466628905,0.244,Neyman
718,1.768015935,0.529559245,0.318,Neyman
719,-2.198784283,0.293504761,0.798,Neyman
720,5.085771112,0.01086366,0.002,Neyman
721,-3.366348779,0.262158482,0.886,Neyman
722,-2.246532877,0.56658075,0.708,Neyman
723,-1.655935457,0.574979463,0.73,Neyman
724,-3.359501593,0.107666905,0.912,Neyman
725,-0.84458325,0.732994805,0.648,Neyman
726,3.194934738,0.311890747,0.09,Neyman
727,0.200741538,0.940414507,0.462,Neyman
728,0.93270389,0.570357342,0.27,Neyman
729,1.186373131,0.689430957,0.306,Neyman
730,-3.446276391,0.227423431,0.826,Neyman
731,0.457109363,0.835235266,0.468,Neyman
732,1.086569819,0.722413614,0.302,Neyman
733,-0.907539806,0.865924912,0.634,Neyman
734,2.081305024,0.364026257,0.11,Neyman
735,0.032260756,0.991403362,0.48,Neyman
736,-0.980072441,0.770945045,0.628,Neyman
737,1.232420045,0.65314569,0.33,Neyman
738,-3.356231345,0.230501064,0.924,Neyman
739,2.120909885,0.525147743,0.242,Neyman
740,4.07975661,0.151262621,0.082,Neyman
741,-1.685083684,0.494758525,0.746,Neyman
742,0.943950617,0.726767756,0.41,Neyman
743,2.299027282,0.435560973,0.204,Neyman
744,-1.557745875,0.537160229,0.794,Neyman
745,6.500432069,0.011774846,0.014,Neyman
746,-2.102660484,0.229198347,0.944,Neyman
747,2.329867121,0.38702222,0.188,Neyman
748,-1.364484643,0.448395093,0.768,Neyman
749,-2.558096389,0.348408625,0.786,Neyman
750,-0.521907748,0.809493973,0.578,Neyman
751,5.372250464,0.13554441,0.052,Neyman
752,0.017435804,0.995804409,0.512,Neyman
753,0.000274043,0.99992441,0.494,Neyman
754,3.754110702,0.271406493,0.112,Neyman
755,-0.856488276,0.702431309,0.648,Neyman
756,-2.922279036,0.390178428,0.808,Neyman
757,0.109599336,0.954366257,0.516,Neyman
758,-2.275801613,0.475597086,0.792,Neyman
759,-2.637788833,0.277815189,0.796,Neyman
760,-0.036086378,0.989315334,0.538,Neyman
761,-0.619660027,0.820251645,0.552,Neyman
762,1.671048175,0.525630957,0.214,Neyman
763,-1.479222802,0.651139176,0.768,Neyman
764,-2.127044923,0.391879712,0.832,Neyman
765,-1.170309818,0.517680322,0.674,Neyman
766,1.087427626,0.750964492,0.362,Neyman
767,-3.485941617,0.303016732,0.936,Neyman
768,-3.99080494,0.365103331,0.888,Neyman
769,2.121755446,0.363094766,0.168,Neyman
770,-4.985288752,0.03279884,0.988,Neyman
771,3.790844889,0.227545241,0.116,Neyman
772,-2.497134337,0.36554811,0.902,Neyman
773,0.897541976,0.583534193,0.258,Neyman
774,7.367116414,0.077826581,0.004,Neyman
775,0.719505376,0.75205198,0.376,Neyman
776,2.530983247,0.30789312,0.182,Neyman
777,-0.840676402,0.76758999,0.614,Neyman
778,0.939763643,0.687833697,0.36,Neyman
779,-1.300267401,0.68869356,0.63,Neyman
780,4.903304442,0.017086584,0,Neyman
781,1.593740957,0.512508436,0.266,Neyman
782,-3.154721502,0.14190421,0.904,Neyman
783,4.093677829,0.051221118,0.032,Neyman
784,3.358873948,0.187576866,0.114,Neyman
785,1.262023045,0.696587255,0.334,Neyman
786,1.959509486,0.41563727,0.26,Neyman
787,2.970174748,0.250461107,0.1,Neyman
788,-2.195842374,0.552491495,0.78,Neyman
789,7.103651542,0.060780262,0,Neyman
790,-0.588839768,0.850444505,0.596,Neyman
791,-2.097998703,0.383279444,0.79,Neyman
792,0.069658844,0.984825089,0.494,Neyman
793,3.56674892,0.275123627,0.078,Neyman
794,2.389695224,0.196865498,0.12,Neyman
795,2.661799579,0.151713003,0.084,Neyman
796,-1.85774355,0.570473159,0.74,Neyman
797,-2.62782671,0.356793687,0.824,Neyman
798,-3.119651972,0.202930131,0.922,Neyman
799,1.985445215,0.547698969,0.236,Neyman
800,-2.142985601,0.387560539,0.864,Neyman
801,2.425788772,0.325518861,0.138,Neyman
802,-0.387343657,0.899002659,0.576,Neyman
803,0.502472896,0.805516933,0.418,Neyman
804,-2.524980047,0.290206949,0.898,Neyman
805,2.639428171,0.355229858,0.25,Neyman
806,3.598804375,0.29997711,0.094,Neyman
807,1.992607726,0.535606584,0.234,Neyman
808,2.744991698,0.456646683,0.094,Neyman
809,-1.126219762,0.760062526,0.614,Neyman
810,-3.185320001,0.316408791,0.802,Neyman
811,-3.273493378,0.092250841,0.838,Neyman
812,-3.840834482,0.225908119,0.904,Neyman
813,0.201281275,0.94811093,0.484,Neyman
814,0.247151502,0.902237829,0.484,Neyman
815,1.789666826,0.468737591,0.29,Neyman
816,-4.054243331,0.162778349,0.938,Neyman
817,1.018501287,0.690685589,0.324,Neyman
818,0.367266766,0.898509568,0.436,Neyman
819,-3.070926582,0.120033726,0.958,Neyman
820,0.810247834,0.767375641,0.436,Neyman
821,-4.637423495,0.049637416,0.932,Neyman
822,0.009342438,0.997298369,0.518,Neyman
823,-0.804414273,0.690556231,0.64,Neyman
824,-4.933280636,0.040172462,0.94,Neyman
825,1.909712857,0.481816826,0.3,Neyman
826,3.247334772,0.283226456,0.094,Neyman
827,4.625100245,0.085364139,0.074,Neyman
828,-0.910381319,0.754356312,0.648,Neyman
829,5.066492419,0.174431863,0.066,Neyman
830,-1.700910036,0.530727224,0.794,Neyman
831,-1.000800538,0.592297383,0.782,Neyman
832,2.948025758,0.296552187,0.16,Neyman
833,1.715728776,0.47321942,0.24,Neyman
834,1.856920568,0.65334029,0.31,Neyman
835,-2.460161026,0.491577161,0.896,Neyman
836,0.983928939,0.653549829,0.354,Neyman
837,-4.856485421,0.007845096,1,Neyman
838,-0.03999641,0.983620504,0.492,Neyman
839,-2.091105355,0.337065223,0.888,Neyman
840,-1.796591346,0.35473404,0.8,Neyman
841,3.317792739,0.08949895,0.038,Neyman
842,-0.00459832,0.998470891,0.516,Neyman
843,1.784194188,0.331778966,0.172,Neyman
844,-2.390405799,0.370949309,0.828,Neyman
845,3.360516566,0.2028945,0.116,Neyman
846,2.636589541,0.356988895,0.22,Neyman
847,0.338706064,0.895210663,0.442,Neyman
848,-2.200212465,0.52899871,0.738,Neyman
849,-0.208266272,0.936102171,0.526,Neyman
850,1.851370105,0.314170909,0.15,Neyman
851,-1.08754304,0.598264227,0.644,Neyman
852,2.925902236,0.160209287,0.088,Neyman
853,-0.474377519,0.816576415,0.572,Neyman
854,-2.712779031,0.405121354,0.812,Neyman
855,0.109236729,0.96897755,0.502,Neyman
856,1.832999163,0.58767683,0.238,Neyman
857,-3.128457047,0.064886065,0.984,Neyman
858,-1.291448723,0.589709155,0.75,Neyman
859,2.441527618,0.30092021,0.174,Neyman
860,1.51595464,0.61186202,0.332,Neyman
861,1.331022902,0.612565447,0.286,Neyman
862,-3.407377834,0.281673948,0.91,Neyman
863,1.309397549,0.458241837,0.26,Neyman
864,2.750746283,0.396846313,0.148,Neyman
865,-3.939305075,0.205286698,0.936,Neyman
866,2.934998678,0.21557017,0.124,Neyman
867,1.615267919,0.598634514,0.322,Neyman
868,1.700777493,0.368357669,0.19,Neyman
869,-1.732617825,0.577725377,0.76,Neyman
870,-2.526513365,0.211513824,0.852,Neyman
871,-1.636986139,0.439161689,0.774,Neyman
872,5.330891825,0.052401193,0.016,Neyman
873,6.024670842,0.009656233,0.004,Neyman
874,0.834772254,0.701494531,0.278,Neyman
875,-0.221948717,0.895498408,0.52,Neyman
876,-1.471501812,0.576541132,0.738,Neyman
877,3.042251802,0.179090045,0.084,Neyman
878,3.046397159,0.092279398,0.036,Neyman
879,1.564298499,0.384786732,0.15,Neyman
880,-1.517804638,0.706025914,0.692,Neyman
881,1.388346052,0.532196313,0.262,Neyman
882,1.425118025,0.520276917,0.182,Neyman
883,5.685946751,0.135759742,0.01,Neyman
884,0.570161367,0.856902082,0.458,Neyman
885,2.993229175,0.229611749,0.054,Neyman
886,0.965593835,0.780429871,0.362,Neyman
887,-0.096922525,0.966380917,0.532,Neyman
888,3.252018874,0.41826393,0.242,Neyman
889,-1.098290619,0.687624503,0.624,Neyman
890,0.179859528,0.957371968,0.516,Neyman
891,1.976921559,0.424886976,0.25,Neyman
892,-0.492381179,0.80330903,0.588,Neyman
893,-4.582859994,0.066640153,0.996,Neyman
894,5.715529952,0.087544463,0.038,Neyman
895,-1.219719875,0.686393868,0.662,Neyman
896,-1.348346286,0.502398172,0.772,Neyman
897,-2.430995819,0.345124735,0.858,Neyman
898,0.760419238,0.844627867,0.418,Neyman
899,1.654311309,0.528456923,0.264,Neyman
900,1.679729379,0.63726547,0.316,Neyman
901,-0.21454602,0.940060402,0.506,Neyman
902,5.25494603,0.12872891,0.054,Neyman
903,-4.134287623,0.135278668,0.964,Neyman
904,-0.64032732,0.783030236,0.608,Neyman
905,-0.528418275,0.865655657,0.556,Neyman
906,4.042521976,0.065413341,0.016,Neyman
907,-2.36644085,0.42809663,0.792,Neyman
908,-0.702748117,0.805616551,0.592,Neyman
909,-4.471324612,0.149324597,0.926,Neyman
910,-1.258381245,0.758911252,0.588,Neyman
911,0.931629149,0.716781393,0.38,Neyman
912,-0.525527437,0.842912119,0.562,Neyman
913,-0.341490196,0.86360872,0.566,Neyman
914,-1.393782265,0.609795353,0.702,Neyman
915,-0.234698385,0.926222338,0.538,Neyman
916,1.830905295,0.417134446,0.25,Neyman
917,-2.844692839,0.217489539,0.856,Neyman
918,2.40904917,0.402581598,0.192,Neyman
919,-0.576031513,0.83468266,0.594,Neyman
920,-0.446966659,0.896540729,0.576,Neyman
921,-3.539302481,0.101481465,0.94,Neyman
922,-1.751586391,0.542873187,0.728,Neyman
923,-2.265902394,0.3401204,0.866,Neyman
924,-0.962038984,0.574575412,0.68,Neyman
925,0.944356983,0.72472126,0.342,Neyman
926,-3.187191978,0.207857446,0.79,Neyman
927,1.477878004,0.477894966,0.262,Neyman
928,3.765895571,0.122782407,0.084,Neyman
929,0.434054605,0.894002249,0.394,Neyman
930,1.755372317,0.362826326,0.102,Neyman
931,1.305265681,0.639254097,0.35,Neyman
932,1.125584518,0.617331656,0.348,Neyman
933,-3.091375076,0.245619039,0.894,Neyman
934,-0.376568398,0.893390407,0.572,Neyman
935,-0.248599944,0.933103641,0.532,Neyman
936,0.989236545,0.620207654,0.338,Neyman
937,-1.850850169,0.547148232,0.738,Neyman
938,0.991214936,0.750443726,0.372,Neyman
939,-0.157031133,0.943762887,0.534,Neyman
940,0.024185287,0.992851452,0.51,Neyman
941,0.308097945,0.881024238,0.472,Neyman
942,1.703446543,0.502633111,0.224,Neyman
943,0.909976064,0.723791678,0.362,Neyman
944,2.379434658,0.329607225,0.196,Neyman
945,1.338511439,0.610110313,0.388,Neyman
946,-2.715705015,0.215417053,0.882,Neyman
947,-0.697373069,0.779830277,0.574,Neyman
948,-0.612842087,0.79981372,0.61,Neyman
949,0.88364937,0.793690528,0.408,Neyman
950,0.233855612,0.901005772,0.47,Neyman
951,-4.096583071,0.085404196,0.992,Neyman
952,-1.994450776,0.483147523,0.828,Neyman
953,-1.398405415,0.604220788,0.694,Neyman
954,0.768974117,0.770405927,0.434,Neyman
955,-1.472665009,0.603171113,0.758,Neyman
956,1.604076887,0.53026595,0.23,Neyman
957,-2.194341764,0.245397554,0.81,Neyman
958,-1.816559028,0.211123701,0.878,Neyman
959,-2.853117259,0.254893127,0.852,Neyman
960,-4.798344689,0.138612842,0.968,Neyman
961,-1.038956533,0.775930278,0.608,Neyman
962,-1.019335614,0.668068268,0.654,Neyman
963,0.737149397,0.797459452,0.414,Neyman
964,-1.190031994,0.75435537,0.612,Neyman
965,-0.26739153,0.88795596,0.622,Neyman
966,1.45093901,0.670704353,0.336,Neyman
967,4.524333602,0.101139575,0.034,Neyman
968,-0.786583655,0.722230834,0.634,Neyman
969,0.948790943,0.729579865,0.31,Neyman
970,1.578325385,0.403853064,0.204,Neyman
971,-4.306593132,0.096805525,0.988,Neyman
972,2.426155319,0.478635949,0.224,Neyman
973,2.381074129,0.394539088,0.17,Neyman
974,0.363598325,0.903337124,0.498,Neyman
975,-0.72064333,0.820169561,0.594,Neyman
976,4.313376171,0.213774305,0.038,Neyman
977,-3.093241464,0.494358605,0.774,Neyman
978,3.492710802,0.275113167,0.126,Neyman
979,-2.742016337,0.259099999,0.82,Neyman
980,-5.088977338,0.040942679,0.964,Neyman
981,-4.372688262,0.104418418,0.936,Neyman
982,-2.172130766,0.429195799,0.744,Neyman
983,-3.632444409,0.123821492,0.9,Neyman
984,2.078533317,0.607018397,0.196,Neyman
985,-2.478571243,0.195277462,0.882,Neyman
986,0.980191881,0.752636831,0.388,Neyman
987,-3.377299852,0.122232377,0.984,Neyman
988,-3.619555589,0.239332985,0.878,Neyman
989,1.735156652,0.626743466,0.308,Neyman
990,2.053979217,0.560589956,0.244,Neyman
991,2.064899075,0.449068032,0.156,Neyman
992,-0.371705669,0.899222827,0.564,Neyman
993,1.761389918,0.452993363,0.244,Neyman
994,3.394692987,0.197977421,0.062,Neyman
995,2.374705154,0.432165034,0.22,Neyman
996,-0.770409224,0.719184039,0.644,Neyman
997,-3.105200257,0.358899829,0.798,Neyman
998,-1.236353095,0.707965483,0.64,Neyman
999,2.835371411,0.346627145,0.194,Neyman
